Time interval,Function, Hit Count, Percentage, Time(ms), Index
0~1,,2,0.02,0.0969,0
0~1,ILT+16695(?GetIndexAb2ParticleContactQEBAHXZ),1,0.01,0.0313,0
0~1,b2Max<float>,1,0.01,0.0391,42
0~1,b2Min<float>,2,0.02,0.0725,42
0~1,b2Vec2::b2Vec2,5,0.05,0.1763,8
0~1,operator-,2,0.02,0.0912,14
0~1,operator*,2,0.02,0.073,18
0~1,b2Dot,1,0.01,0.0393,51
0~1,b2Min,1,0.01,0.0315,14
0~1,b2ParticleSystem::CreateParticle,1,0.01,0.0466,4
0~1,b2ParticleSystem::ComputeAABB,1,0.01,0.0376,28
0~1,b2ParticleSystem::FindContacts_Reference,1,0.01,0.0306,6
0~1,b2ParticleSystem::SolveCollision,1,0.01,0.03,16
0~1,b2ParticleSystem::SolvePressure,1,0.01,0.0283,16
0~1,b2ParticleSystem::SolveDamping,1,0.01,0.0415,16
0~1,computeTag,1,0.01,0.0325,44
0~1,computeRelativeTag,1,0.01,0.0863,12
0~1,std::pair<b2ParticleSystem::Proxy *b2ParticleSystem::Proxy *>::pair<b2ParticleSystem::Proxy *b2ParticleSystem::Proxy *><b2ParticleSystem::Proxy * &b2ParticleSystem::Proxy * &0>,1,0.01,0.0352,48
0~1,std::less<void>::operator()<b2ParticleSystem::Proxy &b2ParticleSystem::Proxy &>,1,0.01,0.0397,24
0~1,std::_Debug_lt_pred<std::less<void> &b2ParticleSystem::Proxy &b2ParticleSystem::Proxy &0>,1,0.01,0.036,2
0~1,std::move<b2ParticleSystem::Proxy &>,1,0.01,0.0413,34
0~1,b2ParticleSystem::AddContact,3,0.03,0.1204,22
0~1,b2GrowableBuffer<b2ParticleContact>::Append,1,0.01,0.0398,36
0~1,b2ParticleContact::GetWeight,1,0.01,0.0384,53
0~1,`b2ParticleSystem::UpdateBodyContacts'::`2'::UpdateBodyContactsCallback::ReportFixtureAndParticle,2,0.02,0.0816,20
0~1,b2ParticleContact::SetIndices,1,0.01,0.0402,30
0~1,b2ParticleContact::SetNormal,1,0.01,0.0481,10
0~1,b2InvSqrt,2,0.02,0.0784,32
0~1,b2PolygonShape::ComputeDistance,1,0.01,0.0349,38
0~1,_RTC_CheckStackVars,1,0.01,0.0435,26
0~1,DrvValidateVersion,1,0.01,0.0296,0
0~1,glMatrixMode,1,0.01,0.038,0
0~1,NtUserPeekMessage,1,0.01,0.0415,0
0~1,NtUserGetDC,1,0.01,0.0407,0
0~1,NtGdiSelectBitmap,1,0.01,0.0475,0
0~1,NtUserSetWindowPos,1,0.01,0.1028,0
0~1,NtUserGetIconInfo,1,0.01,0.0426,0
0~1,NtUserMsgWaitForMultipleObjectsEx,80,0.8,3.7432,0
0~1,NtUserWindowFromDC,1,0.01,0.0405,0
0~1,SwitchToThread,1,0.01,0.0415,0
0~1,gdiPlaySpoolStream,1,0.01,0.0468,0
0~1,RtlRunOnceExecuteOnce,1,0.01,0.0401,0
0~1,NtWaitForSingleObject,191,1.91,8.5991,0
0~1,ZwSetEvent,2,0.02,0.0901,0
0~1,ZwQueryInformationThread,105,1.05,5.3658,0
0~1,ZwYieldExecution,24,0.24,1.7384,0
,-------------------------,,,,
1~2,,7,0.07,0.2656,0
1~2,ILT+3555(?b2DotYAMAEBUb2Vec2,1,0.01,0.0382,0
1~2,ILT+9465(?AddContactb2ParticleSystemAEBAXHHAEAV?$b2GrowableBufferUb2ParticleContactZ),1,0.01,0.0424,0
1~2,ILT+10685(??Zb2Vec2QEAAXAEBU0Z),1,0.01,0.0463,0
1~2,ILT+11890(??MYA_NAEBUProxyb2ParticleSystem,1,0.01,0.0383,0
1~2,ILT+12285(?LengthSquaredb2Vec2QEBAMXZ),2,0.02,0.0809,0
1~2,ILT+16850(?GetCount?$b2GrowableBufferUb2ParticleContactQEBAHXZ),1,0.01,0.0435,0
1~2,ILT+16940(??GYA?AUb2Vec2AEBU0,2,0.02,0.0621,0
1~2,ILT+18820(??DYA?AUb2Vec2MAEBU0Z),1,0.01,0.0366,0
1~2,TestMain::Resize,1,0.01,0.0373,93
1~2,TestMain::SimulationLoop,2,0.02,0.0794,87
1~2,b2Max<float>,4,0.04,0.1435,42
1~2,b2Min<float>,3,0.03,0.1275,42
1~2,b2Vec2::b2Vec2,13,0.13,0.5405,8
1~2,operator-,14,0.14,0.5366,14
1~2,operator*,4,0.04,0.1481,18
1~2,b2Vec2::operator+=,2,0.02,0.077,82
1~2,b2Dot,10,0.1,0.3967,51
1~2,b2Vec2::operator-=,1,0.01,0.0376,82
1~2,b2Shape::GetType,1,0.01,0.0299,113
1~2,b2Vec2::LengthSquared,3,0.03,0.1513,59
1~2,b2Max,3,0.03,0.1396,14
1~2,b2Min,1,0.01,0.0678,14
1~2,b2ParticleSystem::ComputeAABB,2,0.02,0.0762,28
1~2,b2ParticleSystem::InsideBoundsEnumerator::GetNext,2,0.02,0.084,78
1~2,b2ParticleSystem::FindContacts_Reference,8,0.08,0.3024,6
1~2,b2ParticleSystem::Solve,1,0.01,0.041,16
1~2,b2ParticleSystem::SolveCollision,4,0.04,0.1614,16
1~2,b2ParticleSystem::ComputeWeight,5,0.05,0.2307,89
1~2,b2ParticleSystem::SolvePressure,8,0.08,0.3565,16
1~2,b2ParticleSystem::SolveDamping,14,0.14,0.5166,16
1~2,b2ParticleSystem::SolveLifetimes,1,0.01,0.034,16
1~2,computeTag,3,0.03,0.1119,44
1~2,std::less<void>::operator()<b2ParticleSystem::Proxy &b2ParticleSystem::Proxy &>,13,0.13,0.4896,24
1~2,std::_Debug_lt_pred<std::less<void> &b2ParticleSystem::Proxy &b2ParticleSystem::Proxy &0>,4,0.04,0.1418,2
1~2,std::_Guess_median_unchecked<b2ParticleSystem::Proxy *std::less<void> >,1,0.01,0.0373,100
1~2,std::_Insertion_sort_unchecked<b2ParticleSystem::Proxy *std::less<void> >,1,0.01,0.0321,106
1~2,std::_Partition_by_median_guess_unchecked<b2ParticleSystem::Proxy *std::less<void> >,4,0.04,0.2224,65
1~2,std::_To_address<b2ParticleSystem::Proxy *>,1,0.01,0.045,84
1~2,b2GrowableBuffer<b2ParticleBodyContact>::operator[],1,0.01,0.0395,55
1~2,b2GrowableBuffer<b2ParticleContact>::operator[],3,0.03,0.119,91
1~2,operator<,12,0.12,0.4866,70
1~2,b2ParticleSystem::AddContact,18,0.18,0.8317,22
1~2,b2GrowableBuffer<b2ParticleBodyContact>::Append,1,0.01,0.0346,115
1~2,b2GrowableBuffer<b2ParticleContact>::Append,4,0.04,0.1446,36
1~2,b2GrowableBuffer<b2ParticleContact>::GetCount,2,0.02,0.0642,95
1~2,b2ParticleContact::GetIndexA,3,0.03,0.1236,80
1~2,b2ParticleContact::GetIndexB,1,0.01,0.0431,80
1~2,b2ParticleContact::GetWeight,2,0.02,0.0852,53
1~2,b2ParticleSystem::PrepareForceBuffer,1,0.01,0.0352,89
1~2,`b2ParticleSystem::SolveCollision'::`2'::SolveCollisionCallback::ReportFixtureAndParticle,1,0.01,0.0414,117
1~2,`b2ParticleSystem::UpdateBodyContacts'::`2'::UpdateBodyContactsCallback::ReportFixtureAndParticle,2,0.02,0.0813,20
1~2,b2ParticleContact::SetFlags,1,0.01,0.0396,97
1~2,b2ParticleContact::SetIndices,1,0.01,0.0311,30
1~2,b2ParticleContact::SetNormal,4,0.04,0.1463,10
1~2,b2ParticleContact::SetWeight,2,0.02,0.0836,74
1~2,b2FixtureParticleQueryCallback::ShouldQueryParticleSystem,1,0.01,0.0358,72
1~2,b2InvSqrt,13,0.13,0.5347,32
1~2,b2MulT,3,0.03,0.1159,111
1~2,b2PolygonShape::ComputeDistance,6,0.06,0.2273,38
1~2,b2PolygonShape::RayCast,4,0.04,0.165,76
1~2,b2Island::Solve,1,0.01,0.0365,103
1~2,fghRedrawWindow,1,0.01,0.0639,121
1~2,fghSleepForEvents,1,0.01,0.0382,87
1~2,glutGet,1,0.01,0.0412,57
1~2,fgPlatformSleepForEvents,1,0.01,0.0362,62
1~2,fgPlatformGlutGet,1,0.01,0.0407,57
1~2,_RTC_CheckStackVars,10,0.1,0.4347,26
1~2,glClear,1,0.01,0.0313,0
1~2,timeGetTime,1,0.01,0.0302,0
1~2,NtUserPeekMessage,2,0.02,0.0631,0
1~2,NtUserMsgWaitForMultipleObjectsEx,232,2.32,11.2026,0
1~2,NtUserWindowFromDC,1,0.01,0.046,0
1~2,LoadLibraryExA,1,0.01,0.0413,0
1~2,GetExitCodeThread,1,0.01,0.052,0
1~2,GetClientRect,1,0.01,0.0494,0
1~2,ZwSetEvent,1,0.01,0.043,0
1~2,ZwQueryInformationThread,5,0.05,0.1962,0
1~2,ZwYieldExecution,1,0.01,0.0396,0
,-------------------------,,,,
2~3,,5,0.05,0.1894,0
2~3,ILT+2155(?SetFlagsb2ParticleContactQEAAXIZ),1,0.01,0.0774,0
2~3,ILT+3555(?b2DotYAMAEBUb2Vec2,1,0.01,0.0405,0
2~3,ILT+3865(?GetWeightb2ParticleContactQEBAMXZ),1,0.01,0.0453,0
2~3,ILT+12310(??$?RAEAUProxyb2ParticleSystemAEAU01?$lessXstdQEBA_NAEAUProxyb2ParticleSystem,1,0.01,0.0726,0
2~3,ILT+12335(??0b2Vec2QEAAMMZ),3,0.03,0.1157,0
2~3,ILT+13930(?Lengthb2Vec2QEBAMXZ),1,0.01,0.0344,0
2~3,ILT+14425(??A?$b2GrowableBufferUb2ParticleContactQEAAAEAUb2ParticleContactHZ),1,0.01,0.0328,0
2~3,ILT+16290(?RayCastb2FixtureQEBA_NPEAUb2RayCastOutputAEBUb2RayCastInputHZ),1,0.01,0.0375,0
2~3,ILT+16470(_RTC_CheckStackVars),1,0.01,0.0444,0
2~3,b2Max<float>,7,0.07,0.2709,42
2~3,b2Min<float>,7,0.07,0.2532,42
2~3,b2Vec2::b2Vec2,17,0.17,0.7709,8
2~3,operator-,17,0.17,0.7242,14
2~3,operator+,1,0.01,0.0272,14
2~3,operator*,8,0.08,0.2948,18
2~3,b2Vec2::operator+=,2,0.02,0.0732,82
2~3,b2Dot,13,0.13,0.536,51
2~3,b2Vec2::LengthSquared,5,0.05,0.2006,59
2~3,b2Max,2,0.02,0.0602,14
2~3,b2Min,3,0.03,0.1039,14
2~3,b2Draw::SetFlags,1,0.01,0.0475,134
2~3,b2ParticleSystem::ComputeAABB,4,0.04,0.1418,28
2~3,b2ParticleSystem::InsideBoundsEnumerator::GetNext,6,0.06,0.2081,78
2~3,b2ParticleSystem::FindContacts_Reference,7,0.07,0.2516,6
2~3,b2ParticleSystem::UpdateProxies_Reference,2,0.02,0.0635,145
2~3,b2ParticleSystem::Solve,1,0.01,0.0387,16
2~3,b2ParticleSystem::SolveCollision,6,0.06,0.2177,16
2~3,b2ParticleSystem::ComputeWeight,4,0.04,0.1647,89
2~3,b2ParticleSystem::SolvePressure,4,0.04,0.1406,16
2~3,b2ParticleSystem::SolveDamping,13,0.13,0.6158,16
2~3,std::_Debug_lt_pred<std::less<void> &b2ParticleSystem::Proxy &b2ParticleSystem::Proxy &0>,5,0.05,0.203,2
2~3,std::_Guess_median_unchecked<b2ParticleSystem::Proxy *std::less<void> >,1,0.01,0.0556,100
2~3,std::_Partition_by_median_guess_unchecked<b2ParticleSystem::Proxy *std::less<void> >,2,0.02,0.0673,65
2~3,std::_Prev_iter<b2ParticleSystem::Proxy *>,1,0.01,0.0399,127
2~3,std::swap<b2ParticleSystem::Proxy0>,2,0.02,0.0671,141
2~3,b2GrowableBuffer<b2ParticleContact>::operator[],1,0.01,0.0278,91
2~3,operator<,6,0.06,0.2795,70
2~3,b2ParticleSystem::AddContact,17,0.17,0.6697,22
2~3,b2Fixture::ComputeDistance,2,0.02,0.0754,136
2~3,b2ParticleContact::GetIndexA,3,0.03,0.1154,80
2~3,b2ParticleContact::GetNormal,1,0.01,0.0507,125
2~3,b2ParticleSystem::GetParticleContactFilter,1,0.01,0.0297,150
2~3,b2ParticleContact::GetWeight,3,0.03,0.1338,53
2~3,b2FixtureParticleQueryCallback::ReportFixture,2,0.02,0.0929,132
2~3,`b2ParticleSystem::SolveCollision'::`2'::SolveCollisionCallback::ReportFixtureAndParticle,5,0.05,0.1999,117
2~3,`b2ParticleSystem::UpdateBodyContacts'::`2'::UpdateBodyContactsCallback::ReportFixtureAndParticle,7,0.07,0.3328,20
2~3,b2ParticleContact::SetIndices,1,0.01,0.1204,30
2~3,b2ParticleContact::SetNormal,2,0.02,0.075,10
2~3,b2ParticleContact::SetWeight,1,0.01,0.0381,74
2~3,b2InvSqrt,8,0.08,0.4003,32
2~3,b2MulT,1,0.01,0.0462,111
2~3,b2PolygonShape::ComputeDistance,12,0.12,0.5026,38
2~3,b2PolygonShape::RayCast,6,0.06,0.249,76
2~3,fghcbProcessWork,1,0.01,0.0275,130
2~3,fgPlatformSetWindow,1,0.01,0.0419,121
2~3,fgPlatformGlutGet,1,0.01,0.0408,57
2~3,_RTC_CheckStackVars,14,0.14,0.6638,26
2~3,sqrtf,1,0.01,0.0434,0
2~3,glClear,2,0.02,0.0633,0
2~3,timeGetTime,1,0.01,0.0352,0
2~3,NtUserMsgWaitForMultipleObjectsEx,213,2.13,11.7541,0
2~3,timeGetTime,2,0.02,0.0783,0
2~3,PeekMessageA,1,0.01,0.0278,0
2~3,GetClientRect,1,0.01,0.0432,0
2~3,RtlReleaseRelativeName,1,0.01,0.0486,0
2~3,RtlFindActivationContextSectionString,1,0.01,0.0389,0
2~3,RtlQueryPerformanceCounter,1,0.01,0.0768,0
2~3,NtWaitForSingleObject,1,0.01,0.0538,0
2~3,ZwSetEvent,1,0.01,0.0402,0
2~3,ZwQueryInformationThread,15,0.15,0.7344,0
2~3,ZwYieldExecution,3,0.03,0.1758,0
2~3,memset,1,0.01,0.041,0
,-------------------------,,,,
3~4,,1,0.01,0.0427,0
3~4,ILT+2330(??$b2MinMYAMMMZ),1,0.01,0.0299,0
3~4,ILT+2935(?StepWaveMachineUEAAXPEAUSettingsZ),1,0.01,0.035,0
3~4,ILT+3865(?GetWeightb2ParticleContactQEBAMXZ),1,0.01,0.0287,0
3~4,ILT+10245(?b2InvSqrtYAMMZ),1,0.01,0.0264,0
3~4,ILT+14425(??A?$b2GrowableBufferUb2ParticleContactQEAAAEAUb2ParticleContactHZ),2,0.02,0.0952,0
3~4,ILT+16470(_RTC_CheckStackVars),2,0.02,0.0903,0
3~4,ILT+16695(?GetIndexAb2ParticleContactQEBAHXZ),1,0.01,0.0607,0
3~4,ILT+16850(?GetCount?$b2GrowableBufferUb2ParticleContactQEBAHXZ),1,0.01,0.0319,0
3~4,ILT+16940(??GYA?AUb2Vec2AEBU0,1,0.01,0.0257,0
3~4,ILT+18350(?GetTransformb2BodyQEBAAEBUb2TransformXZ),1,0.01,0.0269,0
3~4,ILT+18820(??DYA?AUb2Vec2MAEBU0Z),1,0.01,0.0786,0
3~4,TestMain::SimulationLoop,1,0.01,0.0339,87
3~4,b2Max<float>,3,0.03,0.1119,42
3~4,b2Min<float>,8,0.08,0.2887,42
3~4,b2Vec2::b2Vec2,12,0.12,0.5516,8
3~4,operator-,9,0.09,0.329,14
3~4,operator+,1,0.01,0.0806,14
3~4,LoadOrtho2DMatrix,1,0.01,0.0313,162
3~4,b2Vec2::operator+=,3,0.03,0.1038,82
3~4,b2Dot,7,0.07,0.1976,51
3~4,b2Vec2::operator-=,3,0.03,0.1345,82
3~4,b2Vec2::Normalize,1,0.01,0.0256,158
3~4,b2Max,1,0.01,0.0317,14
3~4,b2Min,1,0.01,0.0283,14
3~4,b2ParticleSystem::ComputeAABB,5,0.05,0.1577,28
3~4,b2ParticleSystem::InsideBoundsEnumerator::GetNext,3,0.03,0.0808,78
3~4,b2ParticleSystem::FindContacts_Reference,6,0.06,0.2446,6
3~4,b2ParticleSystem::UpdateProxies_Reference,1,0.01,0.0516,145
3~4,b2ParticleSystem::SolveCollision,3,0.03,0.0958,16
3~4,b2ParticleSystem::LimitVelocity,2,0.02,0.0601,16
3~4,b2ParticleSystem::ComputeWeight,3,0.03,0.0973,89
3~4,b2ParticleSystem::SolvePressure,2,0.02,0.0607,16
3~4,b2ParticleSystem::SolveDamping,10,0.1,0.2989,16
3~4,computeTag,3,0.03,0.0914,44
3~4,computeRelativeTag,1,0.01,0.0474,12
3~4,std::less<void>::operator()<b2ParticleSystem::Proxy &b2ParticleSystem::Proxy &>,6,0.06,0.1777,24
3~4,std::_Debug_lt_pred<std::less<void> &b2ParticleSystem::Proxy &b2ParticleSystem::Proxy &0>,7,0.07,0.1934,2
3~4,std::_Insertion_sort_unchecked<b2ParticleSystem::Proxy *std::less<void> >,3,0.03,0.0906,106
3~4,std::_Partition_by_median_guess_unchecked<b2ParticleSystem::Proxy *std::less<void> >,1,0.01,0.0271,65
3~4,std::_Prev_iter<b2ParticleSystem::Proxy *>,1,0.01,0.067,127
3~4,std::_Sort_unchecked<b2ParticleSystem::Proxy *std::less<void> >,1,0.01,0.0322,160
3~4,std::move<b2ParticleSystem::Proxy &>,1,0.01,0.0367,34
3~4,std::swap<b2ParticleSystem::Proxy0>,2,0.02,0.0689,141
3~4,operator<,11,0.11,0.4014,70
3~4,b2ParticleSystem::AddContact,19,0.19,0.8568,22
3~4,b2GrowableBuffer<b2ParticleContact>::Append,2,0.02,0.0726,36
3~4,b2GrowableBuffer<b2ParticleContact>::GetCount,1,0.01,0.0722,95
3~4,b2ParticleContact::GetIndexA,2,0.02,0.0577,80
3~4,b2ParticleContact::GetIndexB,1,0.01,0.0338,80
3~4,b2ParticleContact::GetWeight,2,0.02,0.0529,53
3~4,b2FixtureParticleQueryCallback::ReportFixture,2,0.02,0.1248,132
3~4,`b2ParticleSystem::SolveCollision'::`2'::SolveCollisionCallback::ReportFixtureAndParticle,1,0.01,0.0292,117
3~4,`b2ParticleSystem::UpdateBodyContacts'::`2'::UpdateBodyContactsCallback::ReportFixtureAndParticle,4,0.04,0.1233,20
3~4,b2ParticleContact::SetIndices,1,0.01,0.0573,30
3~4,b2ParticleContact::SetNormal,2,0.02,0.1007,10
3~4,`b2ParticleSystem::SolveCollision'::`2'::SolveCollisionCallback::ShouldCollide,2,0.02,0.0615,155
3~4,b2InvSqrt,9,0.09,0.3253,32
3~4,b2MulT,1,0.01,0.0494,111
3~4,b2PolygonShape::ComputeDistance,1,0.01,0.0401,38
3~4,b2PolygonShape::RayCast,5,0.05,0.1605,76
3~4,_RTC_CheckStackVars,11,0.11,0.4284,26
3~4,sqrtf,3,0.03,0.0913,0
3~4,NtUserMsgWaitForMultipleObjectsEx,32,0.32,2.054,0
3~4,SwitchToThread,1,0.01,0.0268,0
3~4,RtlVirtualUnwind,1,0.01,0.0349,0
3~4,RtlQueryPerformanceCounter,1,0.01,0.0253,0
3~4,ZwSetEvent,1,0.01,0.076,0
3~4,ZwQueryInformationThread,224,2.24,8.2298,0
3~4,ZwYieldExecution,39,0.39,1.4434,0
,-------------------------,,,,
4~5,,1,0.01,0.0318,0
4~5,ILT+1500(??$_Debug_lt_predAEAU?$lessXstdAEAUProxyb2ParticleSystemAEAU34$0AstdYA_NAEAU?$lessX,1,0.01,0.0281,0
4~5,ILT+3555(?b2DotYAMAEBUb2Vec2,1,0.01,0.025,0
4~5,ILT+5680(??$moveAEAUProxyb2ParticleSystemstdYA$$QEAUProxyb2ParticleSystemAEAU12Z),1,0.01,0.1116,0
4~5,ILT+9465(?AddContactb2ParticleSystemAEBAXHHAEAV?$b2GrowableBufferUb2ParticleContactZ),1,0.01,0.031,0
4~5,ILT+12310(??$?RAEAUProxyb2ParticleSystemAEAU01?$lessXstdQEBA_NAEAUProxyb2ParticleSystem,1,0.01,0.0273,0
4~5,ILT+12335(??0b2Vec2QEAAMMZ),2,0.02,0.0519,0
4~5,ILT+14425(??A?$b2GrowableBufferUb2ParticleContactQEAAAEAUb2ParticleContactHZ),1,0.01,0.0376,0
4~5,ILT+16470(_RTC_CheckStackVars),1,0.01,0.0295,0
4~5,ILT+16695(?GetIndexAb2ParticleContactQEBAHXZ),1,0.01,0.0318,0
4~5,ILT+20280(?SetNormalb2ParticleContactQEAAXAEBUb2Vec2Z),1,0.01,0.029,0
4~5,ILT+21810(??$_Prev_iterPEAUProxyb2ParticleSystemstdYAPEAUProxyb2ParticleSystemPEAU12Z),1,0.01,0.0434,0
4~5,b2Max<float>,5,0.05,0.3008,42
4~5,b2Min<float>,6,0.06,0.2179,42
4~5,b2Vec2::b2Vec2,9,0.09,0.4915,8
4~5,operator-,9,0.09,0.3586,14
4~5,operator*,5,0.05,0.2195,18
4~5,b2Vec2::operator+=,2,0.02,0.07,82
4~5,b2Fixture::GetBody,1,0.01,0.0264,168
4~5,b2Dot,4,0.04,0.1138,51
4~5,b2RayCastOutput::b2RayCastOutput,1,0.01,0.0595,171
4~5,b2Vec2::operator-=,3,0.03,0.1485,82
4~5,b2Vec2::LengthSquared,1,0.01,0.0312,59
4~5,b2Max,5,0.05,0.1478,14
4~5,b2Min,4,0.04,0.1217,14
4~5,b2ParticleSystem::ComputeAABB,3,0.03,0.0947,28
4~5,b2ParticleSystem::InsideBoundsEnumerator::GetNext,10,0.1,0.4699,78
4~5,b2ParticleSystem::FindContacts_Reference,5,0.05,0.1848,6
4~5,b2ParticleSystem::UpdateProxies_Reference,3,0.03,0.0907,145
4~5,b2ParticleSystem::LimitVelocity,1,0.01,0.0313,16
4~5,b2ParticleSystem::ComputeWeight,4,0.04,0.1277,89
4~5,b2ParticleSystem::SolvePressure,6,0.06,0.2214,16
4~5,b2ParticleSystem::SolveDamping,7,0.07,0.2656,16
4~5,std::less<void>::operator()<b2ParticleSystem::Proxy &b2ParticleSystem::Proxy &>,6,0.06,0.2175,24
4~5,std::_Debug_lt_pred<std::less<void> &b2ParticleSystem::Proxy &b2ParticleSystem::Proxy &0>,3,0.03,0.1264,2
4~5,std::_Guess_median_unchecked<b2ParticleSystem::Proxy *std::less<void> >,1,0.01,0.0573,100
4~5,std::_Insertion_sort_unchecked<b2ParticleSystem::Proxy *std::less<void> >,2,0.02,0.1519,106
4~5,std::_Partition_by_median_guess_unchecked<b2ParticleSystem::Proxy *std::less<void> >,1,0.01,0.0339,65
4~5,std::_Prev_iter<b2ParticleSystem::Proxy *>,1,0.01,0.0314,127
4~5,operator<,9,0.09,0.3888,70
4~5,b2ParticleSystem::AddContact,15,0.15,0.6366,22
4~5,b2GrowableBuffer<b2ParticleBodyContact>::Append,1,0.01,0.0313,115
4~5,b2GrowableBuffer<b2ParticleContact>::GetCount,1,0.01,0.0298,95
4~5,b2ParticleContact::GetIndexA,1,0.01,0.03,80
4~5,b2ParticleContact::GetIndexB,4,0.04,0.1531,80
4~5,b2ParticleContact::GetWeight,4,0.04,0.1581,53
4~5,`b2ParticleSystem::SolveCollision'::`2'::SolveCollisionCallback::ReportFixtureAndParticle,1,0.01,0.0354,117
4~5,b2ParticleContact::SetFlags,1,0.01,0.1121,97
4~5,b2ParticleContact::SetIndices,1,0.01,0.0223,30
4~5,b2ParticleContact::SetNormal,5,0.05,0.1847,10
4~5,b2ParticleContact::SetWeight,1,0.01,0.0298,74
4~5,b2InvSqrt,11,0.11,0.5289,32
4~5,b2PolygonShape::ComputeDistance,5,0.05,0.1992,38
4~5,b2PolygonShape::RayCast,8,0.08,0.3096,76
4~5,fgPlatformGlutGet,1,0.01,0.029,57
4~5,_RTC_CheckStackVars,6,0.06,0.2999,26
4~5,sqrtf,1,0.01,0.0254,0
4~5,_report_gsfailure,1,0.01,0.0258,0
4~5,DrvValidateVersion,1,0.01,0.0293,0
4~5,NtUserWindowFromDC,1,0.01,0.047,0
4~5,SetEvent,1,0.01,0.0313,0
4~5,ZwQueryInformationThread,260,2.6,10.4232,0
4~5,ZwYieldExecution,41,0.41,1.6244,0
,-------------------------,,,,
5~6,,1,0.01,0.0352,0
5~6,ILT+1500(??$_Debug_lt_predAEAU?$lessXstdAEAUProxyb2ParticleSystemAEAU34$0AstdYA_NAEAU?$lessX,1,0.01,0.0417,0
5~6,ILT+3865(?GetWeightb2ParticleContactQEBAMXZ),1,0.01,0.028,0
5~6,ILT+9465(?AddContactb2ParticleSystemAEBAXHHAEAV?$b2GrowableBufferUb2ParticleContactZ),2,0.02,0.0609,0
5~6,ILT+12310(??$?RAEAUProxyb2ParticleSystemAEAU01?$lessXstdQEBA_NAEAUProxyb2ParticleSystem,1,0.01,0.0292,0
5~6,ILT+16920(?b2MaxYA?AUb2Vec2AEBU1,1,0.01,0.026,0
5~6,ILT+17405(??A?$b2GrowableBufferUb2ParticleBodyContactQEAAAEAUb2ParticleBodyContactHZ),1,0.01,0.0395,0
5~6,ILT+18820(??DYA?AUb2Vec2MAEBU0Z),1,0.01,0.0371,0
5~6,b2Max<float>,4,0.04,0.163,42
5~6,b2Min<float>,4,0.04,0.2193,42
5~6,b2Vec2::b2Vec2,14,0.14,0.6485,8
5~6,b2Vec2::b2Vec2,1,0.01,0.0397,176
5~6,operator-,11,0.11,0.4304,14
5~6,operator+,1,0.01,0.0291,14
5~6,operator*,5,0.05,0.2276,18
5~6,b2Vec2::operator+=,2,0.02,0.0544,82
5~6,b2Dot,12,0.12,0.5802,51
5~6,b2Vec2::operator-,1,0.01,0.0793,174
5~6,b2Vec2::operator-=,2,0.02,0.0552,82
5~6,b2Vec2::LengthSquared,1,0.01,0.0379,59
5~6,b2Vec2::Normalize,1,0.01,0.0309,158
5~6,b2Cross,1,0.01,0.0677,51
5~6,b2Max,1,0.01,0.0294,14
5~6,b2Min,1,0.01,0.085,14
5~6,b2ParticleSystem::ComputeAABB,6,0.06,0.196,28
5~6,b2ParticleSystem::InsideBoundsEnumerator::GetNext,5,0.05,0.2082,78
5~6,b2ParticleSystem::FindContacts_Reference,5,0.05,0.2162,6
5~6,b2ParticleSystem::UpdateProxies_Reference,1,0.01,0.0284,145
5~6,b2ParticleSystem::Solve,2,0.02,0.0643,16
5~6,b2ParticleSystem::SolveCollision,3,0.03,0.131,16
5~6,b2ParticleSystem::LimitVelocity,1,0.01,0.0299,16
5~6,b2ParticleSystem::ComputeWeight,5,0.05,0.2183,89
5~6,b2ParticleSystem::SolvePressure,3,0.03,0.1372,16
5~6,b2ParticleSystem::SolveDamping,10,0.1,0.3687,16
5~6,computeTag,2,0.02,0.0553,44
5~6,std::less<void>::operator()<b2ParticleSystem::Proxy &b2ParticleSystem::Proxy &>,2,0.02,0.1113,24
5~6,std::_Debug_lt_pred<std::less<void> &b2ParticleSystem::Proxy &b2ParticleSystem::Proxy &0>,4,0.04,0.1361,2
5~6,std::_Insertion_sort_unchecked<b2ParticleSystem::Proxy *std::less<void> >,2,0.02,0.0586,106
5~6,std::_Partition_by_median_guess_unchecked<b2ParticleSystem::Proxy *std::less<void> >,1,0.01,0.0268,65
5~6,std::_Prev_iter<b2ParticleSystem::Proxy *>,1,0.01,0.1024,127
5~6,std::iter_swap<b2ParticleSystem::Proxy *b2ParticleSystem::Proxy *>,1,0.01,0.0389,181
5~6,operator<,9,0.09,0.3412,70
5~6,b2ParticleSystem::AddContact,14,0.14,0.5581,22
5~6,b2GrowableBuffer<b2ParticleContact>::Append,1,0.01,0.0308,36
5~6,b2Body::ApplyLinearImpulse,1,0.01,0.0344,183
5~6,b2Fixture::ComputeDistance,1,0.01,0.0368,136
5~6,b2ParticleContact::GetIndexA,1,0.01,0.0315,80
5~6,b2ParticleContact::GetWeight,1,0.01,0.0311,53
5~6,`b2ParticleSystem::SolveCollision'::`2'::SolveCollisionCallback::ReportFixtureAndParticle,5,0.05,0.1642,117
5~6,`b2ParticleSystem::UpdateBodyContacts'::`2'::UpdateBodyContactsCallback::ReportFixtureAndParticle,3,0.03,0.0928,20
5~6,b2ParticleContact::SetNormal,2,0.02,0.0596,10
5~6,b2ParticleContact::SetWeight,1,0.01,0.0244,74
5~6,`b2ParticleSystem::SolveCollision'::`2'::SolveCollisionCallback::ShouldCollide,1,0.01,0.0493,155
5~6,b2InvSqrt,8,0.08,0.2558,32
5~6,b2MulT,1,0.01,0.0245,111
5~6,b2PolygonShape::ComputeDistance,10,0.1,0.3863,38
5~6,b2PolygonShape::RayCast,13,0.13,0.4367,76
5~6,_RTC_CheckStackVars,11,0.11,0.4833,26
5~6,sqrtf,5,0.05,0.2037,0
5~6,DrvValidateVersion,2,0.02,0.0561,0
5~6,NtUserMsgWaitForMultipleObjectsEx,1,0.01,0.0959,0
5~6,NtUserWindowFromDC,2,0.02,0.0802,0
5~6,SwitchToThread,2,0.02,0.0822,0
5~6,GetExitCodeThread,1,0.01,0.0294,0
5~6,timeGetTime,1,0.01,0.0424,0
5~6,RtlQueryPerformanceCounter,1,0.01,0.0424,0
5~6,NtWaitForSingleObject,1,0.01,0.0413,0
5~6,ZwQueryInformationThread,235,2.35,9.656,0
5~6,ZwYieldExecution,43,0.43,1.8128,0
,-------------------------,,,,
6~7,,2,0.02,0.0624,0
6~7,ILT+3555(?b2DotYAMAEBUb2Vec2,1,0.01,0.0278,0
6~7,ILT+8325(?SetWeightb2ParticleContactQEAAXMZ),1,0.01,0.0288,0
6~7,ILT+8760(??Yb2Vec2QEAAXAEBU0Z),2,0.02,0.0661,0
6~7,ILT+12310(??$?RAEAUProxyb2ParticleSystemAEAU01?$lessXstdQEBA_NAEAUProxyb2ParticleSystem,1,0.01,0.076,0
6~7,ILT+12335(??0b2Vec2QEAAMMZ),3,0.03,0.0923,0
6~7,ILT+14885(??$b2MaxMYAMMMZ),1,0.01,0.0261,0
6~7,ILT+16470(_RTC_CheckStackVars),1,0.01,0.1126,0
6~7,ILT+16850(?GetCount?$b2GrowableBufferUb2ParticleContactQEBAHXZ),1,0.01,0.0229,0
6~7,ILT+18820(??DYA?AUb2Vec2MAEBU0Z),1,0.01,0.0721,0
6~7,ILT+21810(??$_Prev_iterPEAUProxyb2ParticleSystemstdYAPEAUProxyb2ParticleSystemPEAU12Z),1,0.01,0.0254,0
6~7,b2Max<float>,1,0.01,0.0252,42
6~7,b2Min<float>,5,0.05,0.164,42
6~7,b2Vec2::b2Vec2,7,0.07,0.2697,8
6~7,operator-,4,0.04,0.2037,14
6~7,operator*,4,0.04,0.1303,18
6~7,b2Vec2::operator+=,2,0.02,0.0519,82
6~7,b2Dot,8,0.08,0.2815,51
6~7,b2Vec2::operator-=,2,0.02,0.1644,82
6~7,b2Vec2::Normalize,3,0.03,0.0848,158
6~7,b2Min,3,0.03,0.1372,14
6~7,b2ParticleSystem::ComputeAABB,3,0.03,0.112,28
6~7,b2ParticleSystem::InsideBoundsEnumerator::GetNext,3,0.03,0.1715,78
6~7,b2ParticleSystem::FindContacts_Reference,8,0.08,0.3358,6
6~7,b2ParticleSystem::UpdateProxies_Reference,1,0.01,0.0565,145
6~7,b2ParticleSystem::ComputeWeight,2,0.02,0.0884,89
6~7,b2ParticleSystem::SolvePressure,9,0.09,0.4004,16
6~7,b2ParticleSystem::SolveDamping,13,0.13,0.6591,16
6~7,std::pair<b2ParticleSystem::Proxy *b2ParticleSystem::Proxy *>::pair<b2ParticleSystem::Proxy *b2ParticleSystem::Proxy *><b2ParticleSystem::Proxy * &b2ParticleSystem::Proxy * &0>,1,0.01,0.0318,48
6~7,std::less<void>::operator()<b2ParticleSystem::Proxy &b2ParticleSystem::Proxy &>,1,0.01,0.1236,24
6~7,std::_Debug_lt_pred<std::less<void> &b2ParticleSystem::Proxy &b2ParticleSystem::Proxy &0>,5,0.05,0.1271,2
6~7,std::_Partition_by_median_guess_unchecked<b2ParticleSystem::Proxy *std::less<void> >,1,0.01,0.0655,65
6~7,std::move<b2ParticleSystem::Proxy &>,1,0.01,0.0261,34
6~7,b2GrowableBuffer<b2ParticleContact>::operator[],2,0.02,0.0754,91
6~7,operator<,14,0.14,0.5033,70
6~7,b2ParticleSystem::AddContact,15,0.15,0.9329,22
6~7,b2GrowableBuffer<b2ParticleContact>::Append,2,0.02,0.0497,36
6~7,b2Body::ApplyLinearImpulse,1,0.01,0.0414,183
6~7,b2GrowableBuffer<b2ParticleContact>::GetCount,2,0.02,0.0878,95
6~7,b2ParticleContact::GetIndexA,5,0.05,0.2042,80
6~7,b2ParticleContact::GetIndexB,1,0.01,0.0255,80
6~7,b2ParticleContact::GetNormal,2,0.02,0.0583,125
6~7,b2ParticleSystem::GetParticleInvMass,1,0.01,0.0263,187
6~7,b2ParticleContact::GetWeight,3,0.03,0.2557,53
6~7,b2FixtureParticleQueryCallback::ReportFixture,1,0.01,0.0465,132
6~7,`b2ParticleSystem::SolveCollision'::`2'::SolveCollisionCallback::ReportFixtureAndParticle,1,0.01,0.0253,117
6~7,b2ParticleContact::SetNormal,2,0.02,0.0941,10
6~7,b2InvSqrt,11,0.11,0.467,32
6~7,b2MulT,1,0.01,0.0614,111
6~7,b2PolygonShape::ComputeDistance,2,0.02,0.0599,38
6~7,b2PolygonShape::RayCast,5,0.05,0.2837,76
6~7,b2Island::Solve,1,0.01,0.0636,103
6~7,_RTC_CheckStackVars,5,0.05,0.3347,26
6~7,__chkstk,1,0.01,0.0285,87
6~7,sqrtf,2,0.02,0.1617,0
6~7,DrvValidateVersion,3,0.03,0.0885,0
6~7,NtUserWindowFromDC,1,0.01,0.0345,0
6~7,SwitchToThread,1,0.01,0.0246,0
6~7,RtlGetCurrentUmsThread,1,0.01,0.0351,0
6~7,NtWaitForSingleObject,1,0.01,0.1747,0
6~7,ZwQueryInformationThread,276,2.76,11.8483,0
6~7,ZwYieldExecution,37,0.37,1.423,0
,-------------------------,,,,
7~8,,1,0.01,0.069,0
7~8,ILT+8760(??Yb2Vec2QEAAXAEBU0Z),1,0.01,0.0478,0
7~8,ILT+9465(?AddContactb2ParticleSystemAEBAXHHAEAV?$b2GrowableBufferUb2ParticleContactZ),1,0.01,0.0232,0
7~8,ILT+10685(??Zb2Vec2QEAAXAEBU0Z),1,0.01,0.0569,0
7~8,ILT+16470(_RTC_CheckStackVars),1,0.01,0.0338,0
7~8,ILT+16850(?GetCount?$b2GrowableBufferUb2ParticleContactQEBAHXZ),2,0.02,0.1258,0
7~8,ILT+18820(??DYA?AUb2Vec2MAEBU0Z),1,0.01,0.0425,0
7~8,ILT+20280(?SetNormalb2ParticleContactQEAAXAEBUb2Vec2Z),1,0.01,0.0591,0
7~8,b2Max<float>,7,0.07,0.2446,42
7~8,b2Min<float>,2,0.02,0.0908,42
7~8,b2Vec2::b2Vec2,12,0.12,0.6247,8
7~8,operator-,9,0.09,0.3422,14
7~8,operator+,2,0.02,0.0912,14
7~8,operator*,5,0.05,0.1609,18
7~8,b2Vec2::operator+=,3,0.03,0.0764,82
7~8,b2Dot,7,0.07,0.4861,51
7~8,b2Vec2::operator-,1,0.01,0.0237,174
7~8,b2Vec2::LengthSquared,1,0.01,0.0248,59
7~8,b2Vec2::Normalize,1,0.01,0.0259,158
7~8,b2Max,3,0.03,0.1452,14
7~8,b2Min,3,0.03,0.1496,14
7~8,b2Mul,1,0.01,0.0265,191
7~8,b2ParticleSystem::ComputeAABB,3,0.03,0.1197,28
7~8,b2ParticleSystem::InsideBoundsEnumerator::GetNext,3,0.03,0.0837,78
7~8,b2ParticleSystem::FindContacts_Reference,2,0.02,0.0902,6
7~8,b2ParticleSystem::UpdateProxies_Reference,1,0.01,0.0327,145
7~8,b2ParticleSystem::Solve,1,0.01,0.0249,16
7~8,b2ParticleSystem::SolveCollision,5,0.05,0.1474,16
7~8,b2ParticleSystem::LimitVelocity,1,0.01,0.0272,16
7~8,b2ParticleSystem::ComputeWeight,7,0.07,0.3472,89
7~8,b2ParticleSystem::SolvePressure,3,0.03,0.1159,16
7~8,b2ParticleSystem::SolveDamping,9,0.09,0.3399,16
7~8,computeTag,1,0.01,0.0245,44
7~8,std::less<void>::operator()<b2ParticleSystem::Proxy &b2ParticleSystem::Proxy &>,2,0.02,0.1786,24
7~8,std::_Debug_lt_pred<std::less<void> &b2ParticleSystem::Proxy &b2ParticleSystem::Proxy &0>,4,0.04,0.2112,2
7~8,std::_Guess_median_unchecked<b2ParticleSystem::Proxy *std::less<void> >,1,0.01,0.0254,100
7~8,std::_Partition_by_median_guess_unchecked<b2ParticleSystem::Proxy *std::less<void> >,1,0.01,0.0254,65
7~8,std::_Prev_iter<b2ParticleSystem::Proxy *>,1,0.01,0.0778,127
7~8,b2GrowableBuffer<b2ParticleContact>::operator[],2,0.02,0.1186,91
7~8,operator<,5,0.05,0.1948,70
7~8,b2ParticleSystem::AddContact,16,0.16,0.6025,22
7~8,b2GrowableBuffer<b2ParticleContact>::Append,1,0.01,0.0588,36
7~8,b2ParticleContact::GetIndexA,2,0.02,0.0962,80
7~8,b2ParticleContact::GetIndexB,4,0.04,0.1713,80
7~8,b2ParticleSystem::GetParticleInvMass,1,0.01,0.0383,187
7~8,b2ParticleContact::GetWeight,5,0.05,0.2021,53
7~8,`b2ParticleSystem::SolveCollision'::`2'::SolveCollisionCallback::ReportFixtureAndParticle,1,0.01,0.098,117
7~8,`b2ParticleSystem::UpdateBodyContacts'::`2'::UpdateBodyContactsCallback::ReportFixtureAndParticle,2,0.02,0.0518,20
7~8,b2ParticleContact::SetFlags,2,0.02,0.1024,97
7~8,b2ParticleContact::SetIndices,1,0.01,0.0262,30
7~8,b2ParticleContact::SetNormal,4,0.04,0.1041,10
7~8,b2ParticleContact::SetWeight,1,0.01,0.0526,74
7~8,b2InvSqrt,8,0.08,0.346,32
7~8,b2PolygonShape::ComputeDistance,1,0.01,0.0319,38
7~8,b2PolygonShape::RayCast,2,0.02,0.073,76
7~8,_RTC_CheckStackVars,7,0.07,0.2551,26
7~8,DrvValidateVersion,1,0.01,0.0427,0
7~8,NtUserWindowFromDC,2,0.02,0.192,0
7~8,SwitchToThread,3,0.03,0.112,0
7~8,GetExitCodeThread,1,0.01,0.0697,0
7~8,NtWaitForSingleObject,1,0.01,0.121,0
7~8,ZwQueryInformationThread,279,2.79,11.395,0
7~8,ZwYieldExecution,39,0.39,2.0411,0
,-------------------------,,,,
8~9,,1,0.01,0.0253,0
8~9,ILT+8760(??Yb2Vec2QEAAXAEBU0Z),3,0.03,0.0797,0
8~9,ILT+12310(??$?RAEAUProxyb2ParticleSystemAEAU01?$lessXstdQEBA_NAEAUProxyb2ParticleSystem,1,0.01,0.0272,0
8~9,ILT+12335(??0b2Vec2QEAAMMZ),3,0.03,0.0888,0
8~9,ILT+16225(?b2MulTYA?AUb2Vec2AEBUb2RotAEBU1Z),1,0.01,0.0314,0
8~9,ILT+18350(?GetTransformb2BodyQEBAAEBUb2TransformXZ),1,0.01,0.0284,0
8~9,ILT+18820(??DYA?AUb2Vec2MAEBU0Z),1,0.01,0.0247,0
8~9,ILT+21810(??$_Prev_iterPEAUProxyb2ParticleSystemstdYAPEAUProxyb2ParticleSystemPEAU12Z),2,0.02,0.0561,0
8~9,b2Max<float>,2,0.02,0.0864,42
8~9,b2Min<float>,5,0.05,0.1938,42
8~9,b2Vec2::b2Vec2,17,0.17,0.7379,8
8~9,operator-,9,0.09,0.456,14
8~9,operator+,1,0.01,0.0421,14
8~9,operator*,4,0.04,0.1818,18
8~9,b2Vec2::operator+=,3,0.03,0.1339,82
8~9,b2Dot,10,0.1,0.4917,51
8~9,b2Vec2::operator-,1,0.01,0.0482,174
8~9,b2Body::GetInertia,1,0.01,0.0596,193
8~9,b2Vec2::LengthSquared,4,0.04,0.1353,59
8~9,b2Vec2::Normalize,2,0.02,0.1336,158
8~9,b2Min,2,0.02,0.1046,14
8~9,b2ParticleSystem::ComputeAABB,3,0.03,0.1236,28
8~9,b2ParticleSystem::InsideBoundsEnumerator::GetNext,3,0.03,0.1996,78
8~9,b2ParticleSystem::FindContacts_Reference,2,0.02,0.1199,6
8~9,b2ParticleSystem::Solve,1,0.01,0.0245,16
8~9,b2ParticleSystem::SolveCollision,3,0.03,0.1113,16
8~9,b2ParticleSystem::LimitVelocity,1,0.01,0.0238,16
8~9,b2ParticleSystem::ComputeWeight,2,0.02,0.0496,89
8~9,b2ParticleSystem::SolvePressure,4,0.04,0.2199,16
8~9,b2ParticleSystem::SolveDamping,9,0.09,0.3368,16
8~9,computeRelativeTag,1,0.01,0.0606,12
8~9,std::less<void>::operator()<b2ParticleSystem::Proxy &b2ParticleSystem::Proxy &>,4,0.04,0.1924,24
8~9,std::_Debug_lt_pred<std::less<void> &b2ParticleSystem::Proxy &b2ParticleSystem::Proxy &0>,5,0.05,0.2413,2
8~9,std::_Partition_by_median_guess_unchecked<b2ParticleSystem::Proxy *std::less<void> >,1,0.01,0.0253,65
8~9,std::_Prev_iter<b2ParticleSystem::Proxy *>,2,0.02,0.048,127
8~9,std::swap<b2ParticleSystem::Proxy0>,3,0.03,0.1231,141
8~9,b2GrowableBuffer<b2ParticleContact>::operator[],1,0.01,0.0245,91
8~9,operator<,9,0.09,0.3266,70
8~9,b2ParticleSystem::AddContact,18,0.18,0.9271,22
8~9,b2GrowableBuffer<b2ParticleContact>::GetCount,1,0.01,0.0255,95
8~9,b2ParticleContact::GetIndexA,1,0.01,0.0304,80
8~9,b2ParticleContact::GetIndexB,2,0.02,0.0497,80
8~9,b2ParticleContact::GetNormal,1,0.01,0.0885,125
8~9,b2ParticleContact::GetWeight,2,0.02,0.0561,53
8~9,`b2ParticleSystem::SolveCollision'::`2'::SolveCollisionCallback::ReportFixtureAndParticle,3,0.03,0.0863,117
8~9,`b2ParticleSystem::UpdateBodyContacts'::`2'::UpdateBodyContactsCallback::ReportFixtureAndParticle,3,0.03,0.1445,20
8~9,b2ParticleContact::SetFlags,2,0.02,0.1813,97
8~9,b2ParticleContact::SetIndices,1,0.01,0.0253,30
8~9,b2ParticleContact::SetNormal,2,0.02,0.0916,10
8~9,b2ParticleContact::SetWeight,1,0.01,0.0523,74
8~9,`b2ParticleSystem::SolveCollision'::`2'::SolveCollisionCallback::ShouldCollide,1,0.01,0.0249,155
8~9,b2InvSqrt,11,0.11,0.3785,32
8~9,b2MulT,1,0.01,0.1129,111
8~9,b2PolygonShape::ComputeDistance,5,0.05,0.2447,38
8~9,b2PolygonShape::RayCast,6,0.06,0.2038,76
8~9,_RTC_CheckStackVars,13,0.13,0.5154,26
8~9,sqrtf,1,0.01,0.023,0
8~9,DrvValidateVersion,2,0.02,0.1104,0
8~9,NtUserMsgWaitForMultipleObjectsEx,1,0.01,0.0474,0
8~9,RtlVirtualUnwind,2,0.02,0.2002,0
8~9,ZwQueryInformationThread,257,2.57,11.0067,0
8~9,ZwYieldExecution,39,0.39,1.3827,0
,-------------------------,,,,
9~10,,3,0.03,0.1859,0
9~10,ILT+8760(??Yb2Vec2QEAAXAEBU0Z),1,0.01,0.0486,0
9~10,ILT+9465(?AddContactb2ParticleSystemAEBAXHHAEAV?$b2GrowableBufferUb2ParticleContactZ),1,0.01,0.0418,0
9~10,ILT+12335(??0b2Vec2QEAAMMZ),2,0.02,0.0845,0
9~10,ILT+14425(??A?$b2GrowableBufferUb2ParticleContactQEAAAEAUb2ParticleContactHZ),1,0.01,0.0247,0
9~10,ILT+16695(?GetIndexAb2ParticleContactQEBAHXZ),2,0.02,0.0975,0
9~10,ILT+16940(??GYA?AUb2Vec2AEBU0,1,0.01,0.0278,0
9~10,ILT+20280(?SetNormalb2ParticleContactQEAAXAEBUb2Vec2Z),1,0.01,0.0329,0
9~10,b2Max<float>,7,0.07,0.2603,42
9~10,b2Min<float>,4,0.04,0.1441,42
9~10,b2Vec2::b2Vec2,9,0.09,0.3519,8
9~10,operator-,9,0.09,0.3405,14
9~10,operator+,1,0.01,0.0825,14
9~10,operator*,6,0.06,0.3499,18
9~10,Test::Step,1,0.01,0.0297,196
9~10,b2Vec2::operator+=,3,0.03,0.1944,82
9~10,b2Dot,8,0.08,0.2959,51
9~10,b2Vec2::Normalize,1,0.01,0.034,158
9~10,b2Max,1,0.01,0.06,14
9~10,b2Min,2,0.02,0.0479,14
9~10,b2MulT,2,0.02,0.0843,191
9~10,b2ParticleSystem::ComputeAABB,2,0.02,0.0963,28
9~10,b2ParticleSystem::InsideBoundsEnumerator::GetNext,5,0.05,0.2297,78
9~10,b2ParticleSystem::FindContacts_Reference,4,0.04,0.1561,6
9~10,b2ParticleSystem::SolveCollision,1,0.01,0.0247,16
9~10,b2ParticleSystem::ComputeWeight,7,0.07,0.3051,89
9~10,b2ParticleSystem::SolvePressure,5,0.05,0.2371,16
9~10,b2ParticleSystem::SolveDamping,7,0.07,0.1912,16
9~10,computeTag,1,0.01,0.111,44
9~10,computeRelativeTag,1,0.01,0.0231,12
9~10,std::less<void>::operator()<b2ParticleSystem::Proxy &b2ParticleSystem::Proxy &>,1,0.01,0.0658,24
9~10,std::_Debug_lt_pred<std::less<void> &b2ParticleSystem::Proxy &b2ParticleSystem::Proxy &0>,2,0.02,0.0947,2
9~10,std::_Guess_median_unchecked<b2ParticleSystem::Proxy *std::less<void> >,1,0.01,0.0622,100
9~10,std::_Insertion_sort_unchecked<b2ParticleSystem::Proxy *std::less<void> >,1,0.01,0.0402,106
9~10,std::move<b2ParticleSystem::Proxy &>,1,0.01,0.0647,34
9~10,std::swap<b2ParticleSystem::Proxy0>,1,0.01,0.0922,141
9~10,b2GrowableBuffer<b2ParticleContact>::operator[],3,0.03,0.0796,91
9~10,operator<,9,0.09,0.3782,70
9~10,b2ParticleSystem::AddContact,22,0.22,1.0837,22
9~10,b2GrowableBuffer<b2ParticleContact>::Append,1,0.01,0.0329,36
9~10,b2GrowableBuffer<b2ParticleContact>::GetCount,1,0.01,0.079,95
9~10,b2ParticleContact::GetIndexA,2,0.02,0.0834,80
9~10,b2ParticleContact::GetIndexB,2,0.02,0.0723,80
9~10,b2ParticleContact::GetNormal,1,0.01,0.0991,125
9~10,b2ParticleContact::GetWeight,1,0.01,0.0255,53
9~10,b2FixtureParticleQueryCallback::ReportFixture,1,0.01,0.0281,132
9~10,`b2ParticleSystem::SolveCollision'::`2'::SolveCollisionCallback::ReportFixtureAndParticle,3,0.03,0.1164,117
9~10,`b2ParticleSystem::UpdateBodyContacts'::`2'::UpdateBodyContactsCallback::ReportFixtureAndParticle,4,0.04,0.1384,20
9~10,b2ParticleContact::SetFlags,1,0.01,0.0253,97
9~10,b2ParticleContact::SetIndices,1,0.01,0.0234,30
9~10,b2ParticleContact::SetNormal,5,0.05,0.288,10
9~10,b2InvSqrt,7,0.07,0.2927,32
9~10,b2MulT,1,0.01,0.0438,111
9~10,b2PolygonShape::ComputeDistance,7,0.07,0.3281,38
9~10,b2PolygonShape::RayCast,1,0.01,0.0914,76
9~10,fgPlatformGlutGet,1,0.01,0.0793,57
9~10,_RTC_CheckStackVars,11,0.11,0.3631,26
9~10,DrvValidateVersion,1,0.01,0.025,0
9~10,NtUserMsgWaitForMultipleObjectsEx,5,0.05,0.3357,0
9~10,SwitchToThread,1,0.01,0.0253,0
9~10,GetClientRect,1,0.01,0.0445,0
9~10,NtWaitForSingleObject,3,0.03,0.2184,0
9~10,ZwSetEvent,1,0.01,0.0252,0
9~10,ZwQueryInformationThread,264,2.64,11.1262,0
9~10,ZwYieldExecution,34,0.34,1.4236,0
,-------------------------,,,,
10~11,ILT+3555(?b2DotYAMAEBUb2Vec2,1,0.01,0.0403,0
10~11,ILT+8760(??Yb2Vec2QEAAXAEBU0Z),1,0.01,0.0253,0
10~11,ILT+10685(??Zb2Vec2QEAAXAEBU0Z),1,0.01,0.0595,0
10~11,ILT+12335(??0b2Vec2QEAAMMZ),1,0.01,0.0258,0
10~11,ILT+13930(?Lengthb2Vec2QEBAMXZ),1,0.01,0.0597,0
10~11,ILT+14425(??A?$b2GrowableBufferUb2ParticleContactQEAAAEAUb2ParticleContactHZ),1,0.01,0.1116,0
10~11,ILT+16470(_RTC_CheckStackVars),1,0.01,0.0247,0
10~11,ILT+16695(?GetIndexAb2ParticleContactQEBAHXZ),1,0.01,0.0739,0
10~11,ILT+18100(?GetIndexBb2ParticleContactQEBAHXZ),1,0.01,0.0254,0
10~11,b2Max<float>,7,0.07,0.3,42
10~11,b2Min<float>,2,0.02,0.13,42
10~11,b2Vec2::b2Vec2,10,0.1,0.3577,8
10~11,operator-,9,0.09,0.3969,14
10~11,operator+,2,0.02,0.1259,14
10~11,operator*,1,0.01,0.0247,18
10~11,b2Vec2::operator+=,3,0.03,0.074,82
10~11,b2Dot,7,0.07,0.3662,51
10~11,b2Vec2::operator-=,1,0.01,0.0261,82
10~11,b2Vec2::Length,1,0.01,0.0744,59
10~11,b2Vec2::LengthSquared,1,0.01,0.0246,59
10~11,b2Max,4,0.04,0.1006,14
10~11,b2MulT,1,0.01,0.0257,191
10~11,b2ParticleSystem::ComputeAABB,1,0.01,0.0869,28
10~11,b2ParticleSystem::InsideBoundsEnumerator::GetNext,3,0.03,0.1127,78
10~11,b2ParticleSystem::FindContacts_Reference,5,0.05,0.255,6
10~11,b2ParticleSystem::UpdateProxies_Reference,1,0.01,0.0865,145
10~11,b2ParticleSystem::Solve,1,0.01,0.0272,16
10~11,b2ParticleSystem::SolveCollision,3,0.03,0.0888,16
10~11,b2ParticleSystem::ComputeWeight,4,0.04,0.1605,89
10~11,b2ParticleSystem::SolvePressure,4,0.04,0.1885,16
10~11,b2ParticleSystem::SolveDamping,8,0.08,0.3823,16
10~11,computeTag,2,0.02,0.092,44
10~11,computeRelativeTag,1,0.01,0.1109,12
10~11,std::less<void>::operator()<b2ParticleSystem::Proxy &b2ParticleSystem::Proxy &>,5,0.05,0.2177,24
10~11,std::_Debug_lt_pred<std::less<void> &b2ParticleSystem::Proxy &b2ParticleSystem::Proxy &0>,3,0.03,0.1163,2
10~11,std::_Insertion_sort_unchecked<b2ParticleSystem::Proxy *std::less<void> >,1,0.01,0.029,106
10~11,std::_Move_backward_unchecked<b2ParticleSystem::Proxy *b2ParticleSystem::Proxy *>,1,0.01,0.0261,199
10~11,std::_Prev_iter<b2ParticleSystem::Proxy *>,1,0.01,0.0384,127
10~11,std::_Sort_unchecked<b2ParticleSystem::Proxy *std::less<void> >,1,0.01,0.0259,160
10~11,b2GrowableBuffer<b2ParticleContact>::operator[],3,0.03,0.1543,91
10~11,operator<,8,0.08,0.4748,70
10~11,b2ParticleSystem::AddContact,13,0.13,0.7258,22
10~11,b2GrowableBuffer<b2ParticleContact>::Append,2,0.02,0.0506,36
10~11,b2GrowableBuffer<b2ParticleContact>::GetCount,1,0.01,0.0249,95
10~11,b2ParticleContact::GetIndexA,2,0.02,0.0492,80
10~11,b2ParticleContact::GetIndexB,1,0.01,0.0251,80
10~11,b2ParticleContact::GetNormal,2,0.02,0.1426,125
10~11,b2FixtureParticleQueryCallback::ReportFixture,1,0.01,0.0244,132
10~11,`b2ParticleSystem::SolveCollision'::`2'::SolveCollisionCallback::ReportFixtureAndParticle,3,0.03,0.0867,117
10~11,`b2ParticleSystem::UpdateBodyContacts'::`2'::UpdateBodyContactsCallback::ReportFixtureAndParticle,2,0.02,0.1177,20
10~11,b2ParticleContact::SetNormal,6,0.06,0.2684,10
10~11,b2InvSqrt,9,0.09,0.3811,32
10~11,b2MulT,1,0.01,0.026,111
10~11,b2PolygonShape::ComputeDistance,4,0.04,0.1232,38
10~11,b2PolygonShape::RayCast,4,0.04,0.147,76
10~11,std::sort<b2Pair *bool (__cdecl*)(b2Pair const &b2Pair const &)>,1,0.01,0.0256,203
10~11,GLUI_Node::first_child,1,0.01,0.0268,205
10~11,_RTC_CheckStackVars,4,0.04,0.1409,26
10~11,sqrtf,1,0.01,0.0321,0
10~11,DrvValidateVersion,1,0.01,0.022,0
10~11,NtUserMsgWaitForMultipleObjectsEx,6,0.06,0.4085,0
10~11,NtUserWindowFromDC,1,0.01,0.0452,0
10~11,SwitchToThread,1,0.01,0.062,0
10~11,NtWriteFile,1,0.01,0.0897,0
10~11,ZwQueryInformationThread,291,2.91,12.1864,0
10~11,ZwYieldExecution,29,0.29,0.8747,0
,-------------------------,,,,
11~12,,1,0.01,0.0246,0
11~12,ILT+1500(??$_Debug_lt_predAEAU?$lessXstdAEAUProxyb2ParticleSystemAEAU34$0AstdYA_NAEAU?$lessX,1,0.01,0.0933,0
11~12,ILT+6955(?GetNextInsideBoundsEnumeratorb2ParticleSystemQEAAHXZ),1,0.01,0.0248,0
11~12,ILT+9455(?GetChildCountb2PolygonShapeUEBAHXZ),1,0.01,0.0819,0
11~12,ILT+12310(??$?RAEAUProxyb2ParticleSystemAEAU01?$lessXstdQEBA_NAEAUProxyb2ParticleSystem,1,0.01,0.0984,0
11~12,ILT+12335(??0b2Vec2QEAAMMZ),2,0.02,0.0495,0
11~12,ILT+13260(?Append?$b2GrowableBufferUb2ParticleBodyContactQEAAAEAUb2ParticleBodyContactXZ),1,0.01,0.0249,0
11~12,ILT+16470(_RTC_CheckStackVars),1,0.01,0.0584,0
11~12,ILT+16850(?GetCount?$b2GrowableBufferUb2ParticleContactQEBAHXZ),1,0.01,0.0831,0
11~12,ILT+16940(??GYA?AUb2Vec2AEBU0,1,0.01,0.0249,0
11~12,ILT+20280(?SetNormalb2ParticleContactQEAAXAEBUb2Vec2Z),1,0.01,0.0255,0
11~12,b2Max<float>,3,0.03,0.1129,42
11~12,b2Min<float>,4,0.04,0.1847,42
11~12,b2Vec2::b2Vec2,19,0.19,0.7861,8
11~12,operator-,15,0.15,1.0642,14
11~12,operator*,4,0.04,0.1353,18
11~12,b2Vec2::operator+=,4,0.04,0.1189,82
11~12,b2Dot,11,0.11,0.4858,51
11~12,b2Vec2::operator-=,1,0.01,0.0287,82
11~12,b2Vec2::Length,1,0.01,0.0584,59
11~12,b2Vec2::LengthSquared,1,0.01,0.0993,59
11~12,b2Vec2::Normalize,2,0.02,0.1337,158
11~12,b2Max,1,0.01,0.0242,14
11~12,b2Min,3,0.03,0.0803,14
11~12,b2Mul,1,0.01,0.0247,191
11~12,b2ParticleSystem::ComputeAABB,1,0.01,0.0396,28
11~12,b2ParticleSystem::InsideBoundsEnumerator::GetNext,3,0.03,0.0757,78
11~12,b2ParticleSystem::FindContacts_Reference,1,0.01,0.0261,6
11~12,b2ParticleSystem::Solve,1,0.01,0.0314,16
11~12,b2ParticleSystem::SolveCollision,3,0.03,0.0777,16
11~12,b2ParticleSystem::ComputeWeight,1,0.01,0.0958,89
11~12,b2ParticleSystem::SolvePressure,3,0.03,0.1338,16
11~12,b2ParticleSystem::SolveDamping,10,0.1,0.4777,16
11~12,computeTag,1,0.01,0.0745,44
11~12,computeRelativeTag,2,0.02,0.0498,12
11~12,std::less<void>::operator()<b2ParticleSystem::Proxy &b2ParticleSystem::Proxy &>,8,0.08,0.3747,24
11~12,std::_Debug_lt_pred<std::less<void> &b2ParticleSystem::Proxy &b2ParticleSystem::Proxy &0>,3,0.03,0.0828,2
11~12,std::_Insertion_sort_unchecked<b2ParticleSystem::Proxy *std::less<void> >,1,0.01,0.0247,106
11~12,std::_Partition_by_median_guess_unchecked<b2ParticleSystem::Proxy *std::less<void> >,3,0.03,0.0823,65
11~12,std::iter_swap<b2ParticleSystem::Proxy *b2ParticleSystem::Proxy *>,1,0.01,0.0519,181
11~12,operator<,8,0.08,0.2617,70
11~12,b2ParticleSystem::AddContact,9,0.09,0.3877,22
11~12,b2GrowableBuffer<b2ParticleContact>::Append,2,0.02,0.0516,36
11~12,b2GrowableBuffer<b2ParticleContact>::GetCount,2,0.02,0.1192,95
11~12,b2ParticleContact::GetIndexA,2,0.02,0.0512,80
11~12,b2ParticleContact::GetNormal,1,0.01,0.0247,125
11~12,b2ParticleContact::GetWeight,2,0.02,0.1643,53
11~12,b2FixtureParticleQueryCallback::ReportFixture,1,0.01,0.022,132
11~12,`b2ParticleSystem::SolveCollision'::`2'::SolveCollisionCallback::ReportFixtureAndParticle,6,0.06,0.1829,117
11~12,`b2ParticleSystem::UpdateBodyContacts'::`2'::UpdateBodyContactsCallback::ReportFixtureAndParticle,3,0.03,0.093,20
11~12,b2ParticleContact::SetFlags,1,0.01,0.0331,97
11~12,b2ParticleContact::SetIndices,2,0.02,0.1412,30
11~12,b2ParticleContact::SetNormal,2,0.02,0.056,10
11~12,b2ParticleContact::SetWeight,1,0.01,0.0249,74
11~12,b2InvSqrt,4,0.04,0.2187,32
11~12,b2MulT,4,0.04,0.1323,111
11~12,b2PolygonShape::ComputeDistance,7,0.07,0.292,38
11~12,b2PolygonShape::RayCast,5,0.05,0.1931,76
11~12,b2ContactManager::Collide,1,0.01,0.0366,207
11~12,_RTC_CheckStackVars,6,0.06,0.2866,26
11~12,sqrtf,2,0.02,0.0473,0
11~12,DrvValidateVersion,2,0.02,0.1459,0
11~12,gluOrtho2D,1,0.01,0.0883,0
11~12,NtUserMsgWaitForMultipleObjectsEx,9,0.09,0.751,0
11~12,NtUserWindowFromDC,2,0.02,0.1187,0
11~12,SwitchToThread,3,0.03,0.108,0
11~12,ZwQueryInformationThread,259,2.59,11.1147,0
11~12,ZwYieldExecution,32,0.32,1.2023,0
,-------------------------,,,,
12~13,,2,0.02,0.1044,0
12~13,ILT+10685(??Zb2Vec2QEAAXAEBU0Z),1,0.01,0.0317,0
12~13,ILT+12335(??0b2Vec2QEAAMMZ),2,0.02,0.1226,0
12~13,ILT+14885(??$b2MaxMYAMMMZ),2,0.02,0.0508,0
12~13,ILT+16850(?GetCount?$b2GrowableBufferUb2ParticleContactQEBAHXZ),2,0.02,0.104,0
12~13,ILT+16940(??GYA?AUb2Vec2AEBU0,3,0.03,0.1639,0
12~13,ILT+18820(??DYA?AUb2Vec2MAEBU0Z),1,0.01,0.0764,0
12~13,b2Max<float>,2,0.02,0.0487,42
12~13,b2Min<float>,8,0.08,0.3114,42
12~13,b2Vec2::b2Vec2,13,0.13,0.4041,8
12~13,operator-,10,0.1,0.3517,14
12~13,operator*,6,0.06,0.3141,18
12~13,b2Fixture::GetBody,1,0.01,0.0363,168
12~13,b2Dot,9,0.09,0.353,51
12~13,b2Vec2::operator-,1,0.01,0.0735,174
12~13,b2Vec2::operator-=,1,0.01,0.0266,82
12~13,b2Vec2::Length,1,0.01,0.0551,59
12~13,b2Vec2::LengthSquared,3,0.03,0.0761,59
12~13,b2Max,1,0.01,0.0571,14
12~13,b2Min,4,0.04,0.1766,14
12~13,b2Mul,1,0.01,0.0327,111
12~13,b2ParticleSystem::ComputeAABB,3,0.03,0.1554,28
12~13,b2ParticleSystem::InsideBoundsEnumerator::GetNext,3,0.03,0.2051,78
12~13,b2ParticleSystem::FindContacts_Reference,4,0.04,0.2124,6
12~13,b2ParticleSystem::UpdateProxies_Reference,1,0.01,0.0981,145
12~13,b2ParticleSystem::SolveCollision,2,0.02,0.0497,16
12~13,b2ParticleSystem::LimitVelocity,1,0.01,0.0269,16
12~13,b2ParticleSystem::ComputeWeight,4,0.04,0.1441,89
12~13,b2ParticleSystem::SolvePressure,6,0.06,0.1921,16
12~13,b2ParticleSystem::SolveDamping,7,0.07,0.2775,16
12~13,computeTag,3,0.03,0.0947,44
12~13,computeRelativeTag,1,0.01,0.0664,12
12~13,std::less<void>::operator()<b2ParticleSystem::Proxy &b2ParticleSystem::Proxy &>,4,0.04,0.1767,24
12~13,std::_Debug_lt_pred<std::less<void> &b2ParticleSystem::Proxy &b2ParticleSystem::Proxy &0>,4,0.04,0.1418,2
12~13,std::_Partition_by_median_guess_unchecked<b2ParticleSystem::Proxy *std::less<void> >,1,0.01,0.0259,65
12~13,std::iter_swap<b2ParticleSystem::Proxy *b2ParticleSystem::Proxy *>,1,0.01,0.0781,181
12~13,operator<,8,0.08,0.4229,70
12~13,b2ParticleSystem::AddContact,10,0.1,0.5426,22
12~13,b2Fixture::ComputeDistance,1,0.01,0.0246,136
12~13,b2GrowableBuffer<b2ParticleContact>::GetCount,1,0.01,0.0705,95
12~13,b2ParticleContact::GetIndexA,1,0.01,0.043,80
12~13,b2ParticleContact::GetIndexB,1,0.01,0.0372,80
12~13,b2ParticleContact::GetWeight,1,0.01,0.0405,53
12~13,`b2ParticleSystem::SolveCollision'::`2'::SolveCollisionCallback::ReportFixtureAndParticle,2,0.02,0.0738,117
12~13,`b2ParticleSystem::UpdateBodyContacts'::`2'::UpdateBodyContactsCallback::ReportFixtureAndParticle,5,0.05,0.2055,20
12~13,b2ParticleContact::SetIndices,2,0.02,0.0514,30
12~13,b2ParticleContact::SetNormal,4,0.04,0.1504,10
12~13,`b2ParticleSystem::SolveCollision'::`2'::SolveCollisionCallback::ShouldCollide,1,0.01,0.0247,155
12~13,b2InvSqrt,6,0.06,0.376,32
12~13,b2MulT,4,0.04,0.1256,111
12~13,b2PolygonShape::ComputeDistance,13,0.13,0.6187,38
12~13,b2PolygonShape::RayCast,3,0.03,0.0767,76
12~13,_RTC_CheckStackVars,11,0.11,0.5531,26
12~13,_p__commode,1,0.01,0.0638,0
12~13,sqrtf,1,0.01,0.0914,0
12~13,DrvValidateVersion,1,0.01,0.0247,0
12~13,glEnable,1,0.01,0.0275,0
12~13,NtUserMsgWaitForMultipleObjectsEx,7,0.07,0.3607,0
12~13,NtUserWindowFromDC,2,0.02,0.1343,0
12~13,SwitchToThread,3,0.03,0.125,0
12~13,GetExitCodeThread,1,0.01,0.0518,0
12~13,GetExitCodeThread,1,0.01,0.0249,0
12~13,ZwQueryInformationThread,258,2.58,11.3429,0
12~13,ZwYieldExecution,34,0.34,1.3657,0
,-------------------------,,,,
13~14,,1,0.01,0.0269,0
13~14,ILT+10685(??Zb2Vec2QEAAXAEBU0Z),1,0.01,0.0248,0
13~14,ILT+12310(??$?RAEAUProxyb2ParticleSystemAEAU01?$lessXstdQEBA_NAEAUProxyb2ParticleSystem,1,0.01,0.0255,0
13~14,ILT+12335(??0b2Vec2QEAAMMZ),1,0.01,0.1026,0
13~14,ILT+14425(??A?$b2GrowableBufferUb2ParticleContactQEAAAEAUb2ParticleContactHZ),1,0.01,0.0288,0
13~14,ILT+14885(??$b2MaxMYAMMMZ),1,0.01,0.0273,0
13~14,ILT+16695(?GetIndexAb2ParticleContactQEBAHXZ),1,0.01,0.0601,0
13~14,ILT+21810(??$_Prev_iterPEAUProxyb2ParticleSystemstdYAPEAUProxyb2ParticleSystemPEAU12Z),1,0.01,0.1025,0
13~14,b2Max<float>,3,0.03,0.0701,42
13~14,b2Min<float>,1,0.01,0.0247,42
13~14,b2Vec2::b2Vec2,8,0.08,0.4226,8
13~14,operator-,3,0.03,0.0744,14
13~14,operator*,4,0.04,0.1811,18
13~14,b2Vec2::operator+=,3,0.03,0.0822,82
13~14,b2Dot,7,0.07,0.2199,51
13~14,b2Vec2::operator-=,5,0.05,0.239,82
13~14,b2Max,1,0.01,0.0795,14
13~14,b2Min,1,0.01,0.0464,14
13~14,b2Mul,1,0.01,0.1314,191
13~14,b2ParticleSystem::ComputeAABB,1,0.01,0.0251,28
13~14,b2ParticleSystem::InsideBoundsEnumerator::GetNext,4,0.04,0.1299,78
13~14,b2ParticleSystem::FindContacts_Reference,4,0.04,0.1898,6
13~14,b2ParticleSystem::SolveCollision,2,0.02,0.1281,16
13~14,b2ParticleSystem::ComputeWeight,1,0.01,0.026,89
13~14,b2ParticleSystem::SolvePressure,3,0.03,0.2066,16
13~14,b2ParticleSystem::SolveDamping,10,0.1,0.499,16
13~14,computeTag,1,0.01,0.0247,44
13~14,computeRelativeTag,1,0.01,0.0571,12
13~14,std::less<void>::operator()<b2ParticleSystem::Proxy &b2ParticleSystem::Proxy &>,3,0.03,0.0767,24
13~14,std::_Debug_lt_pred<std::less<void> &b2ParticleSystem::Proxy &b2ParticleSystem::Proxy &0>,5,0.05,0.1894,2
13~14,std::_Insertion_sort_unchecked<b2ParticleSystem::Proxy *std::less<void> >,1,0.01,0.0254,106
13~14,std::_Partition_by_median_guess_unchecked<b2ParticleSystem::Proxy *std::less<void> >,5,0.05,0.2922,65
13~14,std::next<b2ParticleSystem::Proxy const *>,1,0.01,0.0468,213
13~14,b2GrowableBuffer<b2ParticleContact>::operator[],2,0.02,0.1092,91
13~14,operator<,9,0.09,0.3588,70
13~14,b2ParticleSystem::AddContact,13,0.13,0.5899,22
13~14,b2GrowableBuffer<b2ParticleContact>::Append,2,0.02,0.1911,36
13~14,b2ParticleContact::GetIndexA,5,0.05,0.2338,80
13~14,b2ParticleContact::GetIndexB,3,0.03,0.1472,80
13~14,b2ParticleContact::GetWeight,2,0.02,0.0979,53
13~14,`b2ParticleSystem::SolveCollision'::`2'::SolveCollisionCallback::ReportFixtureAndParticle,1,0.01,0.0953,117
13~14,`b2ParticleSystem::UpdateBodyContacts'::`2'::UpdateBodyContactsCallback::ReportFixtureAndParticle,2,0.02,0.0615,20
13~14,b2ParticleContact::SetFlags,3,0.03,0.1579,97
13~14,b2ParticleContact::SetIndices,2,0.02,0.1245,30
13~14,b2ParticleContact::SetNormal,4,0.04,0.2055,10
13~14,b2InvSqrt,13,0.13,0.4237,32
13~14,b2MulT,1,0.01,0.1348,111
13~14,b2PolygonShape::ComputeDistance,7,0.07,0.2489,38
13~14,b2PolygonShape::RayCast,4,0.04,0.1185,76
13~14,_RTC_CheckStackVars,6,0.06,0.2387,26
13~14,DrvValidateVersion,2,0.02,0.0801,0
13~14,NtUserMsgWaitForMultipleObjectsEx,1,0.01,0.1006,0
13~14,NtUserWindowFromDC,2,0.02,0.0798,0
13~14,SwitchToThread,1,0.01,0.1643,0
13~14,NtWaitForSingleObject,1,0.01,0.0459,0
13~14,ZwQueryInformationThread,284,2.84,11.7707,0
13~14,ZwYieldExecution,44,0.44,1.759,0
,-------------------------,,,,
14~15,,1,0.01,0.0485,0
14~15,ILT+3555(?b2DotYAMAEBUb2Vec2,1,0.01,0.0301,0
14~15,ILT+4205(??0b2RayCastInputQEAAXZ),1,0.01,0.088,0
14~15,ILT+6955(?GetNextInsideBoundsEnumeratorb2ParticleSystemQEAAHXZ),1,0.01,0.0296,0
14~15,ILT+9465(?AddContactb2ParticleSystemAEBAXHHAEAV?$b2GrowableBufferUb2ParticleContactZ),1,0.01,0.0397,0
14~15,ILT+12310(??$?RAEAUProxyb2ParticleSystemAEAU01?$lessXstdQEBA_NAEAUProxyb2ParticleSystem,1,0.01,0.0385,0
14~15,ILT+12335(??0b2Vec2QEAAMMZ),1,0.01,0.0491,0
14~15,ILT+16470(_RTC_CheckStackVars),3,0.03,0.2342,0
14~15,ILT+16850(?GetCount?$b2GrowableBufferUb2ParticleContactQEBAHXZ),2,0.02,0.1128,0
14~15,ILT+16920(?b2MaxYA?AUb2Vec2AEBU1,1,0.01,0.0246,0
14~15,ILT+16940(??GYA?AUb2Vec2AEBU0,1,0.01,0.0297,0
14~15,ILT+18820(??DYA?AUb2Vec2MAEBU0Z),1,0.01,0.0378,0
14~15,b2Max<float>,2,0.02,0.0587,42
14~15,b2Min<float>,4,0.04,0.1895,42
14~15,b2Vec2::b2Vec2,10,0.1,0.3905,8
14~15,operator-,13,0.13,0.8743,14
14~15,operator*,3,0.03,0.1626,18
14~15,b2Vec2::operator+=,3,0.03,0.2365,82
14~15,b2Fixture::GetShape,1,0.01,0.0272,215
14~15,b2Dot,6,0.06,0.3159,51
14~15,b2RayCastInput::b2RayCastInput,1,0.01,0.0732,219
14~15,b2Vec2::operator-=,2,0.02,0.1031,82
14~15,b2Max,1,0.01,0.0254,14
14~15,b2Min,1,0.01,0.0249,14
14~15,b2ParticleSystem::ComputeAABB,6,0.06,0.3232,28
14~15,b2ParticleSystem::InsideBoundsEnumerator::GetNext,6,0.06,0.2719,78
14~15,b2ParticleSystem::FindContacts_Reference,5,0.05,0.1951,6
14~15,b2ParticleSystem::UpdateProxies_Reference,1,0.01,0.0486,145
14~15,b2ParticleSystem::SolveCollision,2,0.02,0.0563,16
14~15,b2ParticleSystem::LimitVelocity,1,0.01,0.0242,16
14~15,b2ParticleSystem::ComputeWeight,5,0.05,0.2776,89
14~15,b2ParticleSystem::SolvePressure,5,0.05,0.1813,16
14~15,b2ParticleSystem::SolveDamping,7,0.07,0.2672,16
14~15,computeTag,2,0.02,0.1143,44
14~15,computeRelativeTag,1,0.01,0.0284,12
14~15,std::_Debug_lt_pred<std::less<void> &b2ParticleSystem::Proxy &b2ParticleSystem::Proxy &0>,4,0.04,0.1814,2
14~15,std::_Partition_by_median_guess_unchecked<b2ParticleSystem::Proxy *std::less<void> >,3,0.03,0.13,65
14~15,b2GrowableBuffer<b2ParticleContact>::operator[],1,0.01,0.0313,91
14~15,operator<,7,0.07,0.3601,70
14~15,b2ParticleSystem::AddContact,17,0.17,0.7813,22
14~15,b2GrowableBuffer<b2ParticleContact>::Append,1,0.01,0.0585,36
14~15,b2Fixture::ComputeDistance,1,0.01,0.0453,136
14~15,b2GrowableBuffer<b2ParticleContact>::GetCount,2,0.02,0.1574,95
14~15,b2ParticleContact::GetIndexA,1,0.01,0.03,80
14~15,b2ParticleContact::GetIndexB,1,0.01,0.0614,80
14~15,b2ParticleContact::GetWeight,2,0.02,0.0817,53
14~15,b2Fixture::RayCast,1,0.01,0.0254,221
14~15,b2FixtureParticleQueryCallback::ReportFixture,1,0.01,0.0254,132
14~15,`b2ParticleSystem::UpdateBodyContacts'::`2'::UpdateBodyContactsCallback::ReportFixtureAndParticle,2,0.02,0.0871,20
14~15,b2ParticleContact::SetIndices,2,0.02,0.152,30
14~15,b2ParticleContact::SetNormal,6,0.06,0.3743,10
14~15,`b2ParticleSystem::SolveCollision'::`2'::SolveCollisionCallback::ShouldCollide,1,0.01,0.0299,155
14~15,b2InvSqrt,11,0.11,0.867,32
14~15,b2MulT,1,0.01,0.122,111
14~15,b2World::Solve,1,0.01,0.0512,223
14~15,b2PolygonShape::ComputeDistance,9,0.09,0.3427,38
14~15,b2PolygonShape::RayCast,5,0.05,0.2161,76
14~15,fgListRemove,1,0.01,0.0331,217
14~15,_RTC_CheckStackVars,6,0.06,0.2233,26
14~15,sqrtf,1,0.01,0.0258,0
14~15,DrvValidateVersion,1,0.01,0.0252,0
14~15,NtUserGetIconInfo,1,0.01,0.0331,0
14~15,NtGdiCreateBitmap,1,0.01,0.0496,0
14~15,NtUserCreateEmptyCursorObject,1,0.01,0.0924,0
14~15,NtUserMsgWaitForMultipleObjectsEx,133,1.33,9.0569,0
14~15,NtUserWindowFromDC,5,0.05,0.2366,0
14~15,SwitchToThread,1,0.01,0.0344,0
14~15,GetExitCodeThread,1,0.01,0.0248,0
14~15,GetClientRect,1,0.01,0.0572,0
14~15,ZwQueryInformationThread,148,1.48,6.6118,0
14~15,ZwYieldExecution,23,0.23,1.1077,0
,-------------------------,,,,
15~16,ILT+1500(??$_Debug_lt_predAEAU?$lessXstdAEAUProxyb2ParticleSystemAEAU34$0AstdYA_NAEAU?$lessX,1,0.01,0.0306,0
15~16,ILT+8015(?ComputeDistanceb2FixtureQEBAXAEBUb2Vec2PEAMPEAU2HZ),1,0.01,0.0672,0
15~16,ILT+14885(??$b2MaxMYAMMMZ),1,0.01,0.044,0
15~16,ILT+16850(?GetCount?$b2GrowableBufferUb2ParticleContactQEBAHXZ),1,0.01,0.0253,0
15~16,ILT+16940(??GYA?AUb2Vec2AEBU0,1,0.01,0.0494,0
15~16,TestMain::Timer,1,0.01,0.0283,226
15~16,b2Max<float>,4,0.04,0.1549,42
15~16,b2Min<float>,1,0.01,0.0752,42
15~16,b2Vec2::b2Vec2,21,0.21,1.3102,8
15~16,b2Vec2::b2Vec2,1,0.01,0.0552,176
15~16,operator-,13,0.13,0.673,14
15~16,operator*,1,0.01,0.0584,18
15~16,Test::Step,1,0.01,0.1266,196
15~16,b2Vec2::operator+=,3,0.03,0.077,82
15~16,b2Body::GetTransform,1,0.01,0.0929,235
15~16,b2Dot,3,0.03,0.1908,51
15~16,b2Vec2::operator-=,4,0.04,0.1873,82
15~16,b2Body::GetWorldCenter,1,0.01,0.0506,228
15~16,b2Vec2::Normalize,1,0.01,0.0998,158
15~16,b2Cross,1,0.01,0.0229,51
15~16,b2Min,1,0.01,0.026,14
15~16,b2ParticleSystem::ComputeAABB,4,0.04,0.1584,28
15~16,b2ParticleSystem::InsideBoundsEnumerator::GetNext,3,0.03,0.2465,78
15~16,b2ParticleSystem::FindContacts_Reference,6,0.06,0.3198,6
15~16,b2ParticleSystem::UpdateProxies_Reference,2,0.02,0.1637,145
15~16,b2ParticleSystem::SolveCollision,8,0.08,0.4477,16
15~16,b2ParticleSystem::ComputeWeight,1,0.01,0.0265,89
15~16,b2ParticleSystem::SolvePressure,5,0.05,0.2411,16
15~16,b2ParticleSystem::SolveDamping,6,0.06,0.2983,16
15~16,computeTag,3,0.03,0.1885,44
15~16,std::less<void>::operator()<b2ParticleSystem::Proxy &b2ParticleSystem::Proxy &>,6,0.06,0.3246,24
15~16,std::_Debug_lt_pred<std::less<void> &b2ParticleSystem::Proxy &b2ParticleSystem::Proxy &0>,2,0.02,0.0617,2
15~16,std::_Insertion_sort_unchecked<b2ParticleSystem::Proxy *std::less<void> >,1,0.01,0.0801,106
15~16,std::_Med3_unchecked<b2ParticleSystem::Proxy *std::less<void> >,1,0.01,0.0812,100
15~16,std::_Partition_by_median_guess_unchecked<b2ParticleSystem::Proxy *std::less<void> >,1,0.01,0.023,65
15~16,std::_Prev_iter<b2ParticleSystem::Proxy *>,1,0.01,0.0697,127
15~16,operator<,4,0.04,0.1969,70
15~16,b2ParticleSystem::AddContact,15,0.15,0.8248,22
15~16,b2GrowableBuffer<b2ParticleBodyContact>::Append,1,0.01,0.0271,115
15~16,b2GrowableBuffer<b2ParticleContact>::Append,2,0.02,0.0936,36
15~16,b2Fixture::ComputeDistance,1,0.01,0.0569,136
15~16,b2ParticleContact::GetIndexA,4,0.04,0.1556,80
15~16,b2Body::GetLocalCenter,1,0.01,0.0254,228
15~16,b2Fixture::IsSensor,1,0.01,0.0941,232
15~16,`b2ParticleSystem::SolveCollision'::`2'::SolveCollisionCallback::ReportFixtureAndParticle,1,0.01,0.0345,117
15~16,`b2ParticleSystem::UpdateBodyContacts'::`2'::UpdateBodyContactsCallback::ReportFixtureAndParticle,3,0.03,0.1272,20
15~16,b2ParticleContact::SetIndices,1,0.01,0.0317,30
15~16,b2ParticleContact::SetNormal,11,0.11,0.4321,10
15~16,`b2ParticleSystem::SolveCollision'::`2'::SolveCollisionCallback::ShouldCollide,2,0.02,0.0795,155
15~16,b2InvSqrt,19,0.19,0.9038,32
15~16,b2MulT,1,0.01,0.0236,111
15~16,b2PolygonShape::ComputeDistance,6,0.06,0.3037,38
15~16,b2PolygonShape::RayCast,5,0.05,0.2293,76
15~16,_RTC_CheckStackVars,7,0.07,0.421,26
15~16,sqrtf,3,0.03,0.209,0
15~16,glPixelStorei,1,0.01,0.1194,0
15~16,NtUserMsgWaitForMultipleObjectsEx,142,1.42,11.7852,0
15~16,SwitchToThread,1,0.01,0.0953,0
15~16,GetExitCodeThread,1,0.01,0.1154,0
15~16,NtWaitForSingleObject,5,0.05,0.2964,0
15~16,ZwQueryInformationThread,146,1.46,8.7705,0
15~16,ZwYieldExecution,15,0.15,0.7677,0
,-------------------------,,,,
16~17,ILT+3865(?GetWeightb2ParticleContactQEBAMXZ),3,0.03,0.1272,0
16~17,ILT+12310(??$?RAEAUProxyb2ParticleSystemAEAU01?$lessXstdQEBA_NAEAUProxyb2ParticleSystem,1,0.01,0.0598,0
16~17,ILT+14425(??A?$b2GrowableBufferUb2ParticleContactQEAAAEAUb2ParticleContactHZ),1,0.01,0.064,0
16~17,ILT+16695(?GetIndexAb2ParticleContactQEBAHXZ),1,0.01,0.0228,0
16~17,ILT+16940(??GYA?AUb2Vec2AEBU0,1,0.01,0.0234,0
16~17,ILT+18820(??DYA?AUb2Vec2MAEBU0Z),2,0.02,0.1348,0
16~17,b2Min<float>,1,0.01,0.0688,42
16~17,b2Vec2::b2Vec2,11,0.11,0.6471,8
16~17,operator-,8,0.08,0.4137,14
16~17,operator+,1,0.01,0.0682,14
16~17,operator*,7,0.07,0.3965,18
16~17,b2Vec2::operator+=,2,0.02,0.1927,82
16~17,b2Dot,7,0.07,0.2705,51
16~17,b2Vec2::operator-=,2,0.02,0.0889,82
16~17,b2Max,1,0.01,0.0574,14
16~17,b2Min,1,0.01,0.0261,14
16~17,b2ParticleSystem::ComputeAABB,3,0.03,0.1301,28
16~17,b2ParticleSystem::InsideBoundsEnumerator::GetNext,6,0.06,0.3755,78
16~17,b2ParticleSystem::FindContacts_Reference,3,0.03,0.1982,6
16~17,b2ParticleSystem::UpdateProxies_Reference,1,0.01,0.0304,145
16~17,b2ParticleSystem::SolveCollision,2,0.02,0.0506,16
16~17,b2ParticleSystem::SolveGravity,1,0.01,0.0711,16
16~17,b2ParticleSystem::ComputeWeight,2,0.02,0.1013,89
16~17,b2ParticleSystem::SolvePressure,9,0.09,0.483,16
16~17,b2ParticleSystem::SolveDamping,8,0.08,0.4233,16
16~17,computeTag,1,0.01,0.0904,44
16~17,computeRelativeTag,1,0.01,0.0385,12
16~17,std::less<void>::operator()<b2ParticleSystem::Proxy &b2ParticleSystem::Proxy &>,2,0.02,0.2053,24
16~17,std::less<void>::operator()<unsigned int const &b2ParticleSystem::Proxy const &>,1,0.01,0.0479,238
16~17,std::_Debug_lt_pred<std::less<void> &b2ParticleSystem::Proxy &b2ParticleSystem::Proxy &0>,7,0.07,0.3378,2
16~17,std::_Insertion_sort_unchecked<b2ParticleSystem::Proxy *std::less<void> >,1,0.01,0.0537,106
16~17,std::_Partition_by_median_guess_unchecked<b2ParticleSystem::Proxy *std::less<void> >,1,0.01,0.0649,65
16~17,std::_Prev_iter<b2ParticleSystem::Proxy *>,2,0.02,0.1029,127
16~17,std::swap<b2ParticleSystem::Proxy0>,1,0.01,0.06,141
16~17,b2GrowableBuffer<b2ParticleContact>::operator[],3,0.03,0.168,91
16~17,operator<,9,0.09,0.4638,70
16~17,b2ParticleSystem::AddContact,15,0.15,0.8401,22
16~17,b2GrowableBuffer<b2ParticleContact>::Append,3,0.03,0.1027,36
16~17,b2GrowableBuffer<b2ParticleContact>::GetCount,3,0.03,0.1781,95
16~17,b2ParticleContact::GetIndexA,3,0.03,0.2051,80
16~17,b2ParticleContact::GetIndexB,1,0.01,0.034,80
16~17,b2ParticleContact::GetNormal,2,0.02,0.0582,125
16~17,b2ParticleContact::GetWeight,1,0.01,0.0249,53
16~17,`b2ParticleSystem::SolveCollision'::`2'::SolveCollisionCallback::ReportFixtureAndParticle,3,0.03,0.1567,117
16~17,`b2ParticleSystem::UpdateBodyContacts'::`2'::UpdateBodyContactsCallback::ReportFixtureAndParticle,2,0.02,0.2058,20
16~17,b2ParticleContact::SetFlags,2,0.02,0.0884,97
16~17,b2ParticleContact::SetNormal,3,0.03,0.2133,10
16~17,b2InvSqrt,11,0.11,0.5587,32
16~17,b2MulT,1,0.01,0.0514,111
16~17,GLUI_Node::first_child,1,0.01,0.062,205
16~17,_RTC_CheckStackVars,5,0.05,0.2405,26
16~17,sqrtf,1,0.01,0.0467,0
16~17,NtUserMsgWaitForMultipleObjectsEx,11,0.11,0.6683,0
16~17,NtUserWindowFromDC,1,0.01,0.0951,0
16~17,RtlReleaseRelativeName,1,0.01,0.1039,0
16~17,NtWaitForSingleObject,4,0.04,0.1817,0
16~17,ZwSetEvent,1,0.01,0.0574,0
16~17,ZwQueryInformationThread,276,2.76,15.4846,0
16~17,ZwYieldExecution,38,0.38,1.7739,0
,-------------------------,,,,
17~18,ILT+1500(??$_Debug_lt_predAEAU?$lessXstdAEAUProxyb2ParticleSystemAEAU34$0AstdYA_NAEAU?$lessX,1,0.01,0.0562,0
17~18,ILT+3865(?GetWeightb2ParticleContactQEBAMXZ),2,0.02,0.137,0
17~18,ILT+12310(??$?RAEAUProxyb2ParticleSystemAEAU01?$lessXstdQEBA_NAEAUProxyb2ParticleSystem,3,0.03,0.2715,0
17~18,ILT+14425(??A?$b2GrowableBufferUb2ParticleContactQEAAAEAUb2ParticleContactHZ),1,0.01,0.0578,0
17~18,ILT+14885(??$b2MaxMYAMMMZ),1,0.01,0.0471,0
17~18,ILT+16470(_RTC_CheckStackVars),1,0.01,0.1075,0
17~18,ILT+18820(??DYA?AUb2Vec2MAEBU0Z),1,0.01,0.0566,0
17~18,ILT+20280(?SetNormalb2ParticleContactQEAAXAEBUb2Vec2Z),1,0.01,0.0583,0
17~18,TestMain::SimulationLoop,1,0.01,0.0592,87
17~18,b2Max<float>,3,0.03,0.1595,42
17~18,b2Min<float>,1,0.01,0.0485,42
17~18,b2Vec2::b2Vec2,12,0.12,0.8452,8
17~18,operator-,11,0.11,0.8822,14
17~18,operator*,7,0.07,0.4225,18
17~18,b2Vec2::operator+=,3,0.03,0.2464,82
17~18,b2Dot,6,0.06,0.3148,51
17~18,b2Vec2::operator-,3,0.03,0.1783,174
17~18,b2Vec2::operator-=,1,0.01,0.057,82
17~18,b2Vec2::Length,1,0.01,0.0901,59
17~18,b2Vec2::LengthSquared,2,0.02,0.096,59
17~18,b2Vec2::Normalize,1,0.01,0.0263,158
17~18,b2MulT,1,0.01,0.0585,191
17~18,b2ParticleSystem::ComputeAABB,2,0.02,0.1094,28
17~18,b2ParticleSystem::InsideBoundsEnumerator::GetNext,4,0.04,0.3082,78
17~18,b2ParticleSystem::FindContacts_Reference,3,0.03,0.1433,6
17~18,b2ParticleSystem::SolveCollision,1,0.01,0.0616,16
17~18,b2ParticleSystem::ComputeWeight,4,0.04,0.3351,89
17~18,b2ParticleSystem::SolvePressure,7,0.07,0.3977,16
17~18,b2ParticleSystem::SolveDamping,5,0.05,0.2426,16
17~18,computeTag,1,0.01,0.0574,44
17~18,computeRelativeTag,2,0.02,0.0705,12
17~18,std::less<void>::operator()<b2ParticleSystem::Proxy &b2ParticleSystem::Proxy &>,2,0.02,0.1495,24
17~18,std::_Debug_lt_pred<std::less<void> &b2ParticleSystem::Proxy &b2ParticleSystem::Proxy &0>,6,0.06,0.3867,2
17~18,std::_Insertion_sort_unchecked<b2ParticleSystem::Proxy *std::less<void> >,2,0.02,0.0982,106
17~18,std::_Prev_iter<b2ParticleSystem::Proxy *>,1,0.01,0.0496,127
17~18,std::_Sort_unchecked<b2ParticleSystem::Proxy *std::less<void> >,1,0.01,0.1001,160
17~18,std::move<b2ParticleSystem::Proxy &>,1,0.01,0.0512,34
17~18,b2GrowableBuffer<b2ParticleContact>::operator[],1,0.01,0.0612,91
17~18,operator<,9,0.09,0.6032,70
17~18,b2ParticleSystem::AddContact,14,0.14,0.7231,22
17~18,b2GrowableBuffer<b2ParticleContact>::Append,1,0.01,0.0479,36
17~18,b2GrowableBuffer<b2ParticleContact>::GetCount,1,0.01,0.0575,95
17~18,b2ParticleContact::GetIndexA,2,0.02,0.1465,80
17~18,b2ParticleContact::GetIndexB,1,0.01,0.037,80
17~18,b2Fixture::RayCast,1,0.01,0.0235,221
17~18,b2FixtureParticleQueryCallback::ReportFixture,1,0.01,0.0968,132
17~18,`b2ParticleSystem::SolveCollision'::`2'::SolveCollisionCallback::ReportFixtureAndParticle,4,0.04,0.2218,117
17~18,`b2ParticleSystem::UpdateBodyContacts'::`2'::UpdateBodyContactsCallback::ReportFixtureAndParticle,6,0.06,0.4148,20
17~18,b2ParticleContact::SetIndices,1,0.01,0.033,30
17~18,b2ParticleContact::SetNormal,4,0.04,0.2104,10
17~18,b2InvSqrt,14,0.14,0.6948,32
17~18,b2MulT,1,0.01,0.0241,111
17~18,b2PolygonShape::ComputeDistance,10,0.1,0.55,38
17~18,b2PolygonShape::RayCast,6,0.06,0.3648,76
17~18,_RTC_CheckStackVars,9,0.09,0.9365,26
17~18,sqrtf,1,0.01,0.0979,0
17~18,DrvValidateVersion,2,0.02,0.08,0
17~18,NtUserWindowFromDC,1,0.01,0.0678,0
17~18,SwitchToThread,2,0.02,0.1566,0
17~18,RtlVirtualUnwind,1,0.01,0.0614,0
17~18,NtWaitForSingleObject,2,0.02,0.2157,0
17~18,ZwQueryInformationThread,274,2.74,15.9884,0
17~18,ZwYieldExecution,32,0.32,1.7415,0
,-------------------------,,,,
18~19,ILT+1515(??0b2Vec2QEAAXZ),1,0.01,0.0409,0
18~19,ILT+3555(?b2DotYAMAEBUb2Vec2,1,0.01,0.0473,0
18~19,ILT+3865(?GetWeightb2ParticleContactQEBAMXZ),1,0.01,0.0478,0
18~19,ILT+8760(??Yb2Vec2QEAAXAEBU0Z),1,0.01,0.0962,0
18~19,ILT+10245(?b2InvSqrtYAMMZ),1,0.01,0.042,0
18~19,ILT+10685(??Zb2Vec2QEAAXAEBU0Z),1,0.01,0.048,0
18~19,ILT+12335(??0b2Vec2QEAAMMZ),1,0.01,0.1024,0
18~19,ILT+14885(??$b2MaxMYAMMMZ),2,0.02,0.1425,0
18~19,ILT+16695(?GetIndexAb2ParticleContactQEBAHXZ),1,0.01,0.0246,0
18~19,b2Max<float>,3,0.03,0.1643,42
18~19,b2Min<float>,2,0.02,0.1868,42
18~19,b2Vec2::b2Vec2,9,0.09,0.5379,8
18~19,operator-,6,0.06,0.2723,14
18~19,operator+,1,0.01,0.0609,14
18~19,operator*,6,0.06,0.3598,18
18~19,b2Vec2::operator+=,1,0.01,0.0337,82
18~19,b2Dot,2,0.02,0.0616,51
18~19,b2Vec2::operator-=,2,0.02,0.0541,82
18~19,b2Vec2::LengthSquared,1,0.01,0.0506,59
18~19,b2Vec2::Normalize,2,0.02,0.1227,158
18~19,b2Max,1,0.01,0.0668,14
18~19,b2Min,3,0.03,0.1676,14
18~19,b2MulT,1,0.01,0.0591,191
18~19,b2ParticleSystem::ComputeAABB,3,0.03,0.1685,28
18~19,b2ParticleSystem::InsideBoundsEnumerator::GetNext,9,0.09,0.4507,78
18~19,b2ParticleSystem::FindContacts_Reference,2,0.02,0.0536,6
18~19,b2ParticleSystem::SolveCollision,3,0.03,0.1863,16
18~19,b2ParticleSystem::ComputeWeight,3,0.03,0.1894,89
18~19,b2ParticleSystem::SolvePressure,4,0.04,0.1477,16
18~19,b2ParticleSystem::SolveDamping,8,0.08,0.3664,16
18~19,std::less<void>::operator()<b2ParticleSystem::Proxy &b2ParticleSystem::Proxy &>,7,0.07,0.3879,24
18~19,std::_Copy_backward_memmove<b2ParticleSystem::Proxy *b2ParticleSystem::Proxy *>,1,0.01,0.0647,199
18~19,std::_Debug_lt_pred<std::less<void> &b2ParticleSystem::Proxy &b2ParticleSystem::Proxy &0>,3,0.03,0.1413,2
18~19,std::_Guess_median_unchecked<b2ParticleSystem::Proxy *std::less<void> >,1,0.01,0.0239,100
18~19,std::_Insertion_sort_unchecked<b2ParticleSystem::Proxy *std::less<void> >,2,0.02,0.1521,106
18~19,std::_Partition_by_median_guess_unchecked<b2ParticleSystem::Proxy *std::less<void> >,1,0.01,0.0545,65
18~19,std::_Prev_iter<b2ParticleSystem::Proxy *>,3,0.03,0.1441,127
18~19,std::swap<b2ParticleSystem::Proxy0>,1,0.01,0.0701,141
18~19,b2GrowableBuffer<b2ParticleContact>::operator[],3,0.03,0.1585,91
18~19,operator<,6,0.06,0.3798,70
18~19,b2ParticleSystem::AddContact,14,0.14,0.6989,22
18~19,b2GrowableBuffer<b2ParticleContact>::Append,1,0.01,0.0516,36
18~19,b2Fixture::ComputeDistance,1,0.01,0.0293,136
18~19,b2GrowableBuffer<b2ParticleContact>::GetCount,2,0.02,0.1501,95
18~19,b2ParticleContact::GetIndexA,5,0.05,0.316,80
18~19,b2ParticleContact::GetIndexB,1,0.01,0.0606,80
18~19,b2ParticleContact::GetWeight,1,0.01,0.0477,53
18~19,b2Fixture::RayCast,1,0.01,0.098,221
18~19,b2FixtureParticleQueryCallback::ReportFixture,1,0.01,0.0491,132
18~19,`b2ParticleSystem::SolveCollision'::`2'::SolveCollisionCallback::ReportFixtureAndParticle,3,0.03,0.1429,117
18~19,`b2ParticleSystem::UpdateBodyContacts'::`2'::UpdateBodyContactsCallback::ReportFixtureAndParticle,3,0.03,0.1836,20
18~19,b2ParticleContact::SetFlags,1,0.01,0.0396,97
18~19,b2ParticleContact::SetIndices,2,0.02,0.2066,30
18~19,b2ParticleContact::SetNormal,6,0.06,0.333,10
18~19,`b2ParticleSystem::SolveCollision'::`2'::SolveCollisionCallback::ShouldCollide,2,0.02,0.0593,155
18~19,b2InvSqrt,17,0.17,0.8312,32
18~19,b2MulT,1,0.01,0.06,111
18~19,b2PolygonShape::ComputeDistance,8,0.08,0.4998,38
18~19,b2PolygonShape::RayCast,6,0.06,0.3166,76
18~19,b2RevoluteJoint::InitVelocityConstraints,1,0.01,0.0308,243
18~19,fgEnumSubWindows,1,0.01,0.1084,241
18~19,_RTC_CheckStackVars,13,0.13,0.7253,26
18~19,sqrtf,2,0.02,0.2097,0
18~19,DrvValidateVersion,3,0.03,0.122,0
18~19,NtUserMsgWaitForMultipleObjectsEx,7,0.07,0.5826,0
18~19,NtUserWindowFromDC,1,0.01,0.0471,0
18~19,SwitchToThread,1,0.01,0.0479,0
18~19,NtWaitForSingleObject,5,0.05,0.3374,0
18~19,ZwQueryInformationThread,258,2.58,14.8746,0
18~19,ZwYieldExecution,28,0.28,1.3742,0
,-------------------------,,,,
